id,no_register,peminjam,email,kegiatan,no_hak,jenis_hak,desa,kecamatan,no_su,no_warkah,no_ht,status,catatan,tgl_pengajuan,tgl_update,created_by,created_at,updated_at,tipe,dikonfirmasi_oleh,tgl_konfirmasi,no_berkas_pnbp,tahun,jenis_peminjaman,file_pengamanan_url
613c1cc0-c449-41c9-8d3f-0c0f2c4491b4,REG-2026-41670,PRIORITAS — Dista,prioritas@gmail.com,Roya,10842,HM,Rawa Buaya,Cengkareng,,,3152/2017,Sedang Dipinjam,Dikonfirmasi & diambil oleh peminjam — Agus Ajat,2026-06-11 01:24:41.822221+00,2026-06-11 01:35:45.937+00,prioritas,2026-06-11 01:24:41.822221+00,2026-06-11 01:35:45.996975+00,register,Agus Ajat,2026-06-11 01:35:45.937+00,,,BT & HT,
a13a8c15-5da1-4e22-b231-6067898f15c9,REG-2026-41671,PRIORITAS — Dista,prioritas@gmail.com,Roya,10842,HM,Rawa Buaya,Cengkareng,,,1726/2018,Sedang Dipinjam,Dikonfirmasi & diambil oleh peminjam — Agus Ajat,2026-06-11 01:24:41.822221+00,2026-06-11 01:35:46.05+00,prioritas,2026-06-11 01:24:41.822221+00,2026-06-11 01:35:46.092082+00,register,Agus Ajat,2026-06-11 01:35:46.05+00,,,BT & HT,
0f5f2d59-acbb-4816-829b-445b8f4dc14b,REG-2026-33100,PRIORITAS — DANNY,prioritas@gmail.com,ROYA,18339,HM,Pegadungan,Kalideres,,,7087/2019,Sedang Dipinjam,Dikonfirmasi & diambil oleh peminjam — Agus Ajat,2026-06-11 02:38:53.360347+00,2026-06-11 02:50:50.119+00,prioritas,2026-06-11 02:38:53.360347+00,2026-06-11 02:50:50.144524+00,register,Agus Ajat,2026-06-11 02:50:50.119+00,,,BT & HT,
60f5edb7-0923-44bc-b5f2-d8181df4e2dd,REG-2026-40460,PRIORITAS — DANNY,prioritas@gmail.com,PENGHAPUSAN BPHTB,3519,HGB,Tanah Sereal,Tambora,,,,Sudah Dikembalikan,Dikonfirmasi & diambil oleh peminjam — Agus Ajat,2026-06-11 03:10:14.527054+00,2026-06-11 09:07:19.078+00,prioritas,2026-06-11 03:10:14.527054+00,2026-06-11 09:07:19.069907+00,register,Agus Ajat,2026-06-11 03:13:09.959+00,,,BT,
a6ea4dc0-c0b7-4b48-9bf2-0465a71e4913,REG-2026-39060,PRIORITAS — NOVI,prioritas@gmail.com,PERUBAHAN HAK,7739,HGB,Duri Kosambi,Cengkareng,,,,Sedang Dipinjam,Dikonfirmasi & diambil oleh peminjam — Agus Ajat,2026-06-11 03:16:31.583416+00,2026-06-11 03:20:31.288+00,prioritas,2026-06-11 03:16:31.583416+00,2026-06-11 03:20:31.335053+00,register,Agus Ajat,2026-06-11 03:20:31.288+00,,,BT,
abfa6476-dc9f-47fb-bd6c-89830b68240c,REG-2026-22640,PHP — ANGGA,januarahdiansyah@gmail.com,PENGHAPUSAN BPHTB,2440,HGB,Jatipulo,Palmerah,,,,Sedang Dipinjam,Dikonfirmasi & diambil oleh peminjam — Agus Ajat,2026-06-11 04:01:42.624642+00,2026-06-11 04:16:13.575+00,agusajat,2026-06-11 04:01:42.624642+00,2026-06-11 04:16:13.626513+00,register,Agus Ajat,2026-06-11 04:16:13.575+00,,,BT,
ccd50eec-e7f0-4984-aba8-a831a79026be,REG-2026-22641,PHP — ANGGA,januarahdiansyah@gmail.com,PENGHAPUSAN BPHTB,9014,HGB,Tegal Alur,Kalideres,,,,Sedang Dipinjam,Dikonfirmasi & diambil oleh peminjam — Agus Ajat,2026-06-11 04:01:42.624642+00,2026-06-11 04:16:13.667+00,agusajat,2026-06-11 04:01:42.624642+00,2026-06-11 04:16:13.706506+00,register,Agus Ajat,2026-06-11 04:16:13.667+00,,,BT,
a29a261b-1ea2-4a44-9b5d-04b8e6cc0971,REG-2026-22642,PHP — ANGGA,januarahdiansyah@gmail.com,PENGHAPUSAN BPHTB,9068,HGB,Tegal Alur,Kalideres,,,,Sedang Dipinjam,Dikonfirmasi & diambil oleh peminjam — Agus Ajat,2026-06-11 04:01:42.624642+00,2026-06-11 04:16:13.728+00,agusajat,2026-06-11 04:01:42.624642+00,2026-06-11 04:16:13.765991+00,register,Agus Ajat,2026-06-11 04:16:13.728+00,,,BT,
34cce3f2-afc5-40da-9d46-64ad4fa1d042,REG-2026-87630,PHP — JUMHAN,januarahdiansyah@gmail.com,ROYA,16217,HM,Pegadungan,Kalideres,,,5320/2016,Sedang Dipinjam,Dikonfirmasi & diambil oleh peminjam — Agus Ajat,2026-06-11 04:05:39.10727+00,2026-06-11 08:04:21.988+00,agusajat,2026-06-11 04:05:39.10727+00,2026-06-11 08:04:22.018364+00,register,Agus Ajat,2026-06-11 08:04:21.988+00,,,BT & HT,
739ada1a-0f9e-4667-ab40-d9643c96b2f7,REG-2026-87631,PHP — JUMHAN,januarahdiansyah@gmail.com,ROYA,3352,HM,Kedaung Kali Angke,Cengkareng,,,3071/2016,Sedang Dipinjam,Dikonfirmasi & diambil oleh peminjam — Agus Ajat,2026-06-11 04:05:39.10727+00,2026-06-11 08:04:22.047+00,agusajat,2026-06-11 04:05:39.10727+00,2026-06-11 08:04:22.076683+00,register,Agus Ajat,2026-06-11 08:04:22.047+00,,,BT & HT,
9e30c1d9-12fd-471a-9b48-b37df2ff5196,REG-2026-88650,PRIORITAS — NOVI,prioritas@gmail.com,SERTIFIKAT LAMA,7920,HM,Cengkareng Timur,Cengkareng,,,,Sedang Dipinjam,Dikonfirmasi & diambil oleh peminjam — Agus Ajat,2026-06-11 04:24:06.535058+00,2026-06-11 04:34:37.53+00,prioritas,2026-06-11 04:24:06.535058+00,2026-06-11 04:34:37.547298+00,register,Agus Ajat,2026-06-11 04:34:37.53+00,,,BT,
68971494-8c8e-4da4-95a2-12b734d99568,REG-2026-07210,PRIORITAS — NOVI,prioritas@gmail.com,PENGHAPUSAN BPHTB,5627,HGB,Kapuk,Cengkareng,,,,Sudah Dikembalikan,Dikonfirmasi & diambil oleh peminjam — Agus Ajat,2026-06-11 06:14:30.802673+00,2026-06-11 09:07:15.466+00,prioritas,2026-06-11 06:14:30.802673+00,2026-06-11 09:07:15.460121+00,register,Agus Ajat,2026-06-11 06:22:42.868+00,,,BT,
289d466f-9a76-4977-af57-a27bc5008afe,REG-2026-90470,PRIORITAS — Dista,prioritas@gmail.com,SERTIFIKAT LAMA,11215,HM,Cengkareng Barat,Cengkareng,,,,Sedang Dipinjam,Dikonfirmasi & diambil oleh peminjam — Agus Ajat,2026-06-11 06:17:49.134742+00,2026-06-11 06:24:14.053+00,prioritas,2026-06-11 06:17:49.134742+00,2026-06-11 06:24:14.090481+00,register,Agus Ajat,2026-06-11 06:24:14.053+00,,,BT,
d772ba1b-2bcf-45d1-9b27-b1f1cb5d3ca0,REG-2026-39020,PHP — pak joko widodo,januarahdiansyah@gmail.com,cek warkah,-,-,Rawa Buaya,Cengkareng,,15923/2026,,Sedang Dipinjam,Dikonfirmasi & diambil oleh peminjam — Agus Ajat,2026-06-11 06:39:14.455954+00,2026-06-11 10:44:30.252+00,agusajat,2026-06-11 06:39:14.455954+00,2026-06-11 10:44:30.273756+00,register,Agus Ajat,2026-06-11 10:44:30.252+00,,,Warkah,
a0c92b60-6217-40c4-bb05-87ff90435acf,REG-2026-96010,PRIORITAS — NOVI,prioritas@gmail.com,PERALIHAN HAK JUAL BELI,9223,HM,Pegadungan,Kalideres,,,,Sedang Dipinjam,Dikonfirmasi & diambil oleh peminjam — Agus Ajat,2026-06-11 07:00:30.058481+00,2026-06-11 07:04:52.796+00,prioritas,2026-06-11 07:00:30.058481+00,2026-06-11 07:04:52.834847+00,register,Agus Ajat,2026-06-11 07:04:52.796+00,,,BT,
a85a7401-a7c3-42ae-99a6-5f208fc57e6c,REG-2026-04230,PHP — ANGGA,januarahdiansyah@gmail.com,PENGHAPUSAN BPHTB,9247,HGB,Tegal Alur,Kalideres,,,,Sudah Dikembalikan,Dikonfirmasi & diambil oleh peminjam — Agus Ajat,2026-06-11 07:09:01.007793+00,2026-06-17 07:19:37.39+00,agusajat,2026-06-11 07:09:01.007793+00,2026-06-17 07:19:37.458339+00,register,Agus Ajat,2026-06-11 07:09:27.435+00,,,BT,
2206e841-2591-44cf-9ef8-2a1c420700a2,REG-2026-26710,PHP — SARAYA,januarahdiansyah@gmail.com,SKPT,3486,HM,Rawa Buaya,Cengkareng,,,,Sudah Dikembalikan,Dikonfirmasi & diambil oleh peminjam — Agus Ajat,2026-06-11 07:14:13.301085+00,2026-06-17 06:46:22.599+00,agusajat,2026-06-11 07:14:13.301085+00,2026-06-17 06:46:22.5995+00,register,Agus Ajat,2026-06-11 07:15:29.007+00,,,BT,
0afeb9eb-c783-445b-abb5-d57e50fa194b,REG-2026-26711,PHP — SARAYA,januarahdiansyah@gmail.com,SKPT,12619,HM,Cengkareng Barat,Cengkareng,,,,Sedang Dipinjam,Dikonfirmasi & diambil oleh peminjam — Agus Ajat,2026-06-11 07:14:13.301085+00,2026-06-11 07:15:29.074+00,agusajat,2026-06-11 07:14:13.301085+00,2026-06-11 07:15:29.117076+00,register,Agus Ajat,2026-06-11 07:15:29.074+00,,,BT,
8e9d90cd-7fed-49e0-807a-81bd672b3e9e,REG-2026-26712,PHP — SARAYA,januarahdiansyah@gmail.com,SKPT,14633,HM,Cengkareng Barat,Cengkareng,,,,Sedang Dipinjam,Dikonfirmasi & diambil oleh peminjam — Agus Ajat,2026-06-11 07:14:13.301085+00,2026-06-11 07:15:29.15+00,agusajat,2026-06-11 07:14:13.301085+00,2026-06-11 07:15:29.189112+00,register,Agus Ajat,2026-06-11 07:15:29.15+00,,,BT,
5883dd8d-e08f-40a0-b3c9-df6b0e5d7bf0,REG-2026-26713,PHP — SARAYA,januarahdiansyah@gmail.com,SKPT,2148,HGB,Pekojan,Tambora,,,,Sedang Dipinjam,Dikonfirmasi & diambil oleh peminjam — Agus Ajat,2026-06-11 07:14:13.301085+00,2026-06-11 07:15:29.219+00,agusajat,2026-06-11 07:14:13.301085+00,2026-06-11 07:15:29.259268+00,register,Agus Ajat,2026-06-11 07:15:29.219+00,,,BT,
23061fbf-878b-4079-8250-3623b7e31250,REG-2026-26714,PHP — SARAYA,januarahdiansyah@gmail.com,SKPT,2163,HM,Pekojan,Tambora,,,,Sedang Dipinjam,Dikonfirmasi & diambil oleh peminjam — Agus Ajat,2026-06-11 07:14:13.301085+00,2026-06-11 07:15:29.292+00,agusajat,2026-06-11 07:14:13.301085+00,2026-06-11 07:15:29.329023+00,register,Agus Ajat,2026-06-11 07:15:29.292+00,,,BT,
5162ffa5-d4c2-424a-b319-02123ec4267f,REG-2026-26715,PHP — SARAYA,januarahdiansyah@gmail.com,SKPT,9432,HM,Kalideres,Kalideres,,,,Sudah Dikembalikan,Dikonfirmasi & diambil oleh peminjam — Agus Ajat,2026-06-11 07:14:13.301085+00,2026-06-18 02:21:40.721+00,agusajat,2026-06-11 07:14:13.301085+00,2026-06-18 02:21:40.74495+00,register,Agus Ajat,2026-06-11 09:01:53.453+00,,,BT,
a21b207a-fb58-4e41-83b7-10c56f273938,REG-2026-26716,PHP — SARAYA,januarahdiansyah@gmail.com,SKPT,9758,HGB,Kalideres,Kalideres,,,,Sudah Dikembalikan,Dikonfirmasi & diambil oleh peminjam — Agus Ajat,2026-06-11 07:14:13.301085+00,2026-06-18 02:18:11.79+00,agusajat,2026-06-11 07:14:13.301085+00,2026-06-18 02:18:11.788011+00,register,Agus Ajat,2026-06-11 07:15:28.592+00,,,BT,
f004c98c-0f17-42db-a1d4-9d3c42c9ab63,REG-2026-26717,PHP — SARAYA,januarahdiansyah@gmail.com,SKPT,1897,HM,Kapuk,Cengkareng,,,,Sedang Dipinjam,Dikonfirmasi & diambil oleh peminjam — Agus Ajat,2026-06-11 07:14:13.301085+00,2026-06-11 07:15:28.679+00,agusajat,2026-06-11 07:14:13.301085+00,2026-06-11 07:15:28.717152+00,register,Agus Ajat,2026-06-11 07:15:28.679+00,,,BT,
276bb12a-17f6-4fcf-b178-a476addf3d97,REG-2026-26718,PHP — SARAYA,januarahdiansyah@gmail.com,SKPT,1890,HM,Kapuk,Cengkareng,,,,Sedang Dipinjam,Dikonfirmasi & diambil oleh peminjam — Agus Ajat,2026-06-11 07:14:13.301085+00,2026-06-11 07:15:28.869+00,agusajat,2026-06-11 07:14:13.301085+00,2026-06-11 07:15:28.904838+00,register,Agus Ajat,2026-06-11 07:15:28.869+00,,,BT,
9f330704-4b6a-459a-8b0f-e320a5cae86b,REG-2026-26719,PHP — SARAYA,januarahdiansyah@gmail.com,SKPT,1952,HM,Kapuk,Cengkareng,,,,Sedang Dipinjam,Dikonfirmasi & diambil oleh peminjam — Agus Ajat,2026-06-11 07:14:13.301085+00,2026-06-11 07:15:28.938+00,agusajat,2026-06-11 07:14:13.301085+00,2026-06-11 07:15:28.976991+00,register,Agus Ajat,2026-06-11 07:15:28.938+00,,,BT,
be88718f-c4a0-4108-b127-84ddce49c25a,REG-2026-10020,PRIORITAS — DANNY,prioritas@gmail.com,SKPT,11023,HM,Cengkareng Barat,Cengkareng,,,,Sedang Dipinjam,Dikonfirmasi & diambil oleh peminjam — Agus Ajat,2026-06-11 07:23:51.677087+00,2026-06-11 07:36:35.009+00,prioritas,2026-06-11 07:23:51.677087+00,2026-06-11 07:36:35.041523+00,register,Agus Ajat,2026-06-11 07:36:35.009+00,,,BT,
bdff187d-33ef-453f-bbb1-acdb0c3ccc10,REG-2026-70170,PRIORITAS — DISTA,prioritas@gmail.com,ROYA,7337,HGB,Duri Kosambi,Cengkareng,,,8120/2018,Sedang Dipinjam,Dikonfirmasi & diambil oleh peminjam — Agus Ajat,2026-06-11 07:26:27.133051+00,2026-06-11 07:36:34.952+00,prioritas,2026-06-11 07:26:27.133051+00,2026-06-11 07:36:34.985255+00,register,Agus Ajat,2026-06-11 07:36:34.952+00,,,BT & HT,
1322a76b-decf-46d7-ba07-3007c2a8fbc3,REG-2026-49860,PRIORITAS — novi,prioritas@gmail.com,SKPT,6815,HGB,Joglo,Kembangan,,,,Sudah Dikembalikan,Dikonfirmasi & diambil oleh peminjam — Agus Ajat,2026-06-11 07:35:45.102087+00,2026-06-17 07:19:59.355+00,prioritas,2026-06-11 07:35:45.102087+00,2026-06-17 07:19:59.406445+00,register,Agus Ajat,2026-06-11 07:36:34.868+00,,,BT,
f1c12295-2920-497c-99a5-b35e1e6c50a2,REG-2026-18370,PHP — ESTI,januarahdiansyah@gmail.com,REVISI / DOUBLE HAK,5077,HM,Cengkareng Barat,Cengkareng,,,,Sedang Dipinjam,Dikonfirmasi & diambil oleh peminjam — Agus Ajat,2026-06-11 07:50:42.471812+00,2026-06-11 08:13:10.795+00,agusajat,2026-06-11 07:50:42.471812+00,2026-06-11 08:13:10.825859+00,register,Agus Ajat,2026-06-11 08:13:10.795+00,,,BT,
7bb01072-d641-49ca-84f7-2ee095ab4066,REG-2026-93050,PRIORITAS — DANNY,prioritas@gmail.com,PENDAFTARAN SK,9129,HGB,Kalideres,Kalideres,,,,Sedang Dipinjam,Dikonfirmasi & diambil oleh peminjam — Agus Ajat,2026-06-11 07:51:19.694072+00,2026-06-11 08:04:21.911+00,prioritas,2026-06-11 07:51:19.694072+00,2026-06-11 08:04:21.941321+00,register,Agus Ajat,2026-06-11 08:04:21.911+00,,,BT,
9e4d3046-6661-468e-a6d0-75e856685e3b,REG-2026-78290,PHP — HILDA,januarahdiansyah@gmail.com,VALIDASI / ALIH MEDIA,812,HGB,Krendang,Tambora,,,,Sedang Dipinjam,Dikonfirmasi & diambil oleh peminjam — Agus Ajat,2026-06-11 07:58:28.463062+00,2026-06-11 08:04:21.842+00,agusajat,2026-06-11 07:58:28.463062+00,2026-06-11 08:04:21.88038+00,register,Agus Ajat,2026-06-11 08:04:21.842+00,,,BT,
45f38573-a59a-4cd8-ab01-979792078621,REG-2026-16140,PHP — ESTI,januarahdiansyah@gmail.com,PEMEKARAN DESA,1645,HM,Kedoya Utara,Kebon Jeruk,,,,Sedang Dipinjam,Dikonfirmasi & diambil oleh peminjam — Agus Ajat,2026-06-11 08:02:52.267238+00,2026-06-11 08:13:10.497+00,agusajat,2026-06-11 08:02:52.267238+00,2026-06-11 08:13:10.531972+00,register,Agus Ajat,2026-06-11 08:13:10.497+00,,,BT,
70629c10-68d4-46a3-bcfd-0773fcb20122,REG-2026-16141,PHP — ESTI,januarahdiansyah@gmail.com,PEMEKARAN DESA,1646,HM,Kedoya Utara,Kebon Jeruk,,,,Sedang Dipinjam,Dikonfirmasi & diambil oleh peminjam — Agus Ajat,2026-06-11 08:02:52.267238+00,2026-06-11 08:13:10.56+00,agusajat,2026-06-11 08:02:52.267238+00,2026-06-11 08:13:10.590779+00,register,Agus Ajat,2026-06-11 08:13:10.56+00,,,BT,
aaf7733f-a23b-4c02-bb08-3c2a070198ef,REG-2026-16142,PHP — ESTI,januarahdiansyah@gmail.com,PEMEKARAN DESA,1647,HM,Kedoya Utara,Kebon Jeruk,,,,Sedang Dipinjam,Dikonfirmasi & diambil oleh peminjam — Agus Ajat,2026-06-11 08:02:52.267238+00,2026-06-11 08:13:10.616+00,agusajat,2026-06-11 08:02:52.267238+00,2026-06-11 08:13:10.645844+00,register,Agus Ajat,2026-06-11 08:13:10.616+00,,,BT,
a8c9ca33-b2c8-4af7-92e8-281a3f54c762,REG-2026-16143,PHP — ESTI,januarahdiansyah@gmail.com,PEMEKARAN DESA,504,HM,Duri Utara,Tambora,,,,Sedang Dipinjam,Dikonfirmasi & diambil oleh peminjam — Agus Ajat,2026-06-11 08:02:52.267238+00,2026-06-11 08:13:10.672+00,agusajat,2026-06-11 08:02:52.267238+00,2026-06-11 08:13:10.708307+00,register,Agus Ajat,2026-06-11 08:13:10.672+00,,,BT,
73f5328f-8781-4251-930a-83af6e0650c8,REG-2026-16144,PHP — ESTI,januarahdiansyah@gmail.com,PEMEKARAN DESA,497,HM,Duri Utara,Tambora,,,,Sedang Dipinjam,Dikonfirmasi & diambil oleh peminjam — Agus Ajat,2026-06-11 08:02:52.267238+00,2026-06-11 08:13:10.734+00,agusajat,2026-06-11 08:02:52.267238+00,2026-06-11 08:13:10.765948+00,register,Agus Ajat,2026-06-11 08:13:10.734+00,,,BT,
ea19d97f-9e51-44b2-a031-122773ac60e4,REG-2026-53100,PHP — DANANG / ALMED,januarahdiansyah@gmail.com,VALIDASI / ALIH MEDIA,799,HM,Jelambar Baru,Grogol Petamburan,,,,Sedang Dipinjam,Dikonfirmasi & diambil oleh peminjam — Agus Ajat,2026-06-11 08:12:36.321678+00,2026-06-11 08:12:57.138+00,agusajat,2026-06-11 08:12:36.321678+00,2026-06-11 08:12:57.172965+00,register,Agus Ajat,2026-06-11 08:12:57.138+00,,,BT,
8f9d284b-3944-47f1-8945-ee7457932505,REG-2026-53101,PHP — DANANG / ALMED,januarahdiansyah@gmail.com,VALIDASI / ALIH MEDIA,12093,HM,Meruya Utara,Kembangan,,,,Sedang Dipinjam,Dikonfirmasi & diambil oleh peminjam — Agus Ajat,2026-06-11 08:12:36.321678+00,2026-06-11 08:12:57.212+00,agusajat,2026-06-11 08:12:36.321678+00,2026-06-11 08:12:57.242765+00,register,Agus Ajat,2026-06-11 08:12:57.212+00,,,BT,
cd8d53cf-dde3-485d-b972-ce34d38faff6,REG-2026-37330,PHP — DANANG/PAK WIDODO,januarahdiansyah@gmail.com,KONSULTASI,1456,HGB,Roa Malaka,Tambora,,,,Sudah Dikembalikan,Dikonfirmasi & diambil oleh peminjam — Agus Ajat,2026-06-11 08:18:34.459721+00,2026-06-11 09:50:01.291+00,agusajat,2026-06-11 08:18:34.459721+00,2026-06-11 09:50:01.303003+00,register,Agus Ajat,2026-06-11 08:18:50.777+00,,,BT,
6cff055b-f8b9-4981-956d-ae1254c6d837,REG-2026-96960,PHP — ESTI,januarahdiansyah@gmail.com,BALAS SURAT,11923,HM,Cengkareng Timur,Cengkareng,,,,Sedang Dipinjam,Dikonfirmasi & diambil oleh peminjam — Agus Ajat,2026-06-11 08:22:30.372784+00,2026-06-11 08:22:53.697+00,agusajat,2026-06-11 08:22:30.372784+00,2026-06-11 08:22:53.722943+00,register,Agus Ajat,2026-06-11 08:22:53.697+00,,,BT,
2b438bc4-81bb-4318-93f4-d54cdbcea669,REG-2026-96961,PHP — ESTI,januarahdiansyah@gmail.com,BALAS SURAT,2047,HGB,Tangki,Taman Sari,,,,Sedang Dipinjam,Dikonfirmasi & diambil oleh peminjam — Agus Ajat,2026-06-11 08:22:30.372784+00,2026-06-11 08:22:53.755+00,agusajat,2026-06-11 08:22:30.372784+00,2026-06-11 08:22:53.782468+00,register,Agus Ajat,2026-06-11 08:22:53.755+00,,,BT,
ee79b5ac-a048-4dfe-ae4f-6d2db9638d3e,REG-2026-93321,PHP — DANI PRAKOSO,januarahdiansyah@gmail.com,BALAS SURAT,12151,HM,Pegadungan,Kalideres,,,,Sedang Dipinjam,Dikonfirmasi & diambil oleh peminjam — Agus Ajat,2026-06-11 08:26:39.992746+00,2026-06-11 08:27:18.294+00,agusajat,2026-06-11 08:26:39.992746+00,2026-06-11 08:27:18.30602+00,register,Agus Ajat,2026-06-11 08:27:18.294+00,,,BT,
87a2ad4c-2984-491f-9d3f-57ed1f1efa3a,REG-2026-93322,PHP — DANI PRAKOSO,januarahdiansyah@gmail.com,BALAS SURAT,13,HM,Jembatan Besi,Tambora,,,,Sedang Dipinjam,Dikonfirmasi & diambil oleh peminjam — Agus Ajat,2026-06-11 08:26:39.992746+00,2026-06-11 08:27:18.359+00,agusajat,2026-06-11 08:26:39.992746+00,2026-06-11 08:27:18.369291+00,register,Agus Ajat,2026-06-11 08:27:18.359+00,,,BT,
171b6d8b-fb49-42b4-80e5-20653904c29e,REG-2026-36870,PHP — DANI PRAKOSO,januarahdiansyah@gmail.com,BALAS SURAT,1119,HM,Krukut,Taman Sari,,,,Sedang Dipinjam,Dikonfirmasi & diambil oleh peminjam — Agus Ajat,2026-06-11 09:53:14.427842+00,2026-06-11 09:53:40.452+00,agusajat,2026-06-11 09:53:14.427842+00,2026-06-11 09:53:40.446794+00,register,Agus Ajat,2026-06-11 09:53:40.452+00,,,BT,
ad4445e8-6baf-4f51-94b9-de5229c376aa,REG-2026-60860,PHP — SARAYA,januarahdiansyah@gmail.com,SKPT,239,HM,Sukabumi Selatan,Kebon Jeruk,,,,Sedang Dipinjam,Dikonfirmasi & diambil oleh peminjam — Agus Ajat,2026-06-11 09:55:56.834331+00,2026-06-11 09:56:11.125+00,agusajat,2026-06-11 09:55:56.834331+00,2026-06-11 09:56:11.125753+00,register,Agus Ajat,2026-06-11 09:56:11.125+00,,,BT,
2c6c1f38-5b2c-4abc-8d2f-ab84bb7625b8,REG-2026-66090,KUASA — RIA OKTAVIANTI,kuasa@gmail.com,PERUBAHAN HAK,8083,HGB,Srengseng,Kembangan,,,,Sedang Dipinjam,Dikonfirmasi & diambil oleh peminjam — Agus Ajat,2026-06-11 10:17:28.285877+00,2026-06-11 10:35:17.923+00,kuasa,2026-06-11 10:17:28.285877+00,2026-06-11 10:35:17.923883+00,register,Agus Ajat,2026-06-11 10:35:17.923+00,,,,
b7f450ce-05d1-4acb-9f38-a1b5ca66502b,REG-2026-55390,KUASA — RIA OKTAVIANTI,kuasa@gmail.com,PERUBAHAN HAK,8110,HGB,Srengseng,Kembangan,,,,Sedang Dipinjam,Dikonfirmasi & diambil oleh peminjam — Agus Ajat,2026-06-11 10:18:17.211793+00,2026-06-11 10:33:17.335+00,kuasa,2026-06-11 10:18:17.211793+00,2026-06-11 10:33:17.336178+00,register,Agus Ajat,2026-06-11 10:33:17.335+00,,,BT,
d7ba4203-4c30-4368-8916-0d2ca4f9a1ec,REG-2026-41420,KUASA — RIA OKTAVIANTI,kuasa@gmail.com,PERALIHAN HAK JUAL BELI,136,HM,Tambora,Tambora,,,,Sedang Dipinjam,Dikonfirmasi & diambil oleh peminjam — Agus Ajat,2026-06-11 10:19:35.823384+00,2026-06-11 11:34:03.035+00,kuasa,2026-06-11 10:19:35.823384+00,2026-06-11 11:34:03.092083+00,register,Agus Ajat,2026-06-11 11:34:03.035+00,,,BT,
227cef97-b53a-4f35-af52-067c5e551744,REG-2026-04600,KUASA — RIKI OKTAVIAN,kuasa@gmail.com,PEMECAHAN,02284,HM,Kalideres,Kalideres,,,,Sedang Dipinjam,Dikonfirmasi & diambil oleh peminjam — Agus Ajat,2026-06-11 10:20:13.86479+00,2026-06-11 10:33:36.963+00,kuasa,2026-06-11 10:20:13.86479+00,2026-06-11 10:33:36.963047+00,register,Agus Ajat,2026-06-11 10:33:36.963+00,,,BT,
9e75c5d3-dbac-402d-83c8-832846e009b1,REG-2026-96970,KUASA — RIA OKTAVIANTI,kuasa@gmail.com,PERALIHAN HAK WARIS,426,HM,Pinangsia,Taman Sari,,,,Sedang Dipinjam,Dikonfirmasi & diambil oleh peminjam — Agus Ajat,2026-06-11 10:25:41.405336+00,2026-06-11 11:35:24.83+00,kuasa,2026-06-11 10:25:41.405336+00,2026-06-11 11:35:24.889174+00,register,Agus Ajat,2026-06-11 11:35:24.83+00,,,,
64f22ec5-97cc-4372-886d-8e9814e86bcb,REG-2026-96971,KUASA — RIA OKTAVIANTI,kuasa@gmail.com,PERALIHAN HAK WARIS,5774,HGB,Meruya Utara,Kembangan,,,,Sedang Dipinjam,Dikonfirmasi & diambil oleh peminjam — Agus Ajat,2026-06-11 10:25:41.405336+00,2026-06-11 11:39:53.494+00,kuasa,2026-06-11 10:25:41.405336+00,2026-06-11 11:39:53.553483+00,register,Agus Ajat,2026-06-11 11:39:53.494+00,,,,
2f8b1e3a-789f-4fef-9845-8b9c9e9cf8e9,REG-2026-96972,KUASA — RIA OKTAVIANTI,kuasa@gmail.com,PERALIHAN HAK WARIS,6480,HM,Kalideres,Kalideres,,,,Sedang Dipinjam,Dikonfirmasi & diambil oleh peminjam — Agus Ajat,2026-06-11 10:25:41.405336+00,2026-06-12 03:02:05.414+00,kuasa,2026-06-11 10:25:41.405336+00,2026-06-12 03:02:05.483907+00,register,Agus Ajat,2026-06-12 03:02:05.414+00,,,,
d2e4ed39-857f-490c-8b81-55a4a676eb30,REG-2026-96973,KUASA — RIA OKTAVIANTI,kuasa@gmail.com,PERALIHAN HAK WARIS,5537,HM,Kalideres,Kalideres,,,,Sedang Dipinjam,Dikonfirmasi & diambil oleh peminjam — Agus Ajat,2026-06-11 10:25:41.405336+00,2026-06-11 11:34:48.472+00,kuasa,2026-06-11 10:25:41.405336+00,2026-06-11 11:34:48.530054+00,register,Agus Ajat,2026-06-11 11:34:48.472+00,,,,
385ebb54-c46a-43a8-8b51-36bdaf8203c7,REG-2026-62600,KUASA — ANDRE,kuasa@gmail.com,PERALIHAN HAK HIBAH,1390,HM,Kota Bambu Utara,Palmerah,,,,Sedang Dipinjam,Dikonfirmasi & diambil oleh peminjam — Agus Ajat,2026-06-11 10:25:46.685873+00,2026-06-11 11:36:08.097+00,kuasa,2026-06-11 10:25:46.685873+00,2026-06-11 11:36:08.152688+00,register,Agus Ajat,2026-06-11 11:36:08.097+00,,,BT,
1e6fe678-34aa-406b-adad-c8e9ba0152ec,REG-2026-81550,KUASA — RIA OKTAVIANTI,kuasa@gmail.com,PERALIHAN HAK HIBAH,8220,HM,Joglo,Kembangan,,,,Sedang Dipinjam,Dikonfirmasi & diambil oleh peminjam — Agus Ajat,2026-06-11 10:26:59.846245+00,2026-06-11 11:37:13.795+00,kuasa,2026-06-11 10:26:59.846245+00,2026-06-11 11:37:13.858061+00,register,Agus Ajat,2026-06-11 11:37:13.795+00,,,,
00524165-4839-4338-96ea-fe74adf7c7c0,REG-2026-51950,KUASA — RIKI OKTAVIAN,kuasa@gmail.com,PEMECAHAN,12202,HM,Rawa Buaya,Cengkareng,,,,Sedang Dipinjam,Dikonfirmasi & diambil oleh peminjam — Agus Ajat,2026-06-11 10:27:58.954161+00,2026-06-11 11:37:47.338+00,kuasa,2026-06-11 10:27:58.954161+00,2026-06-11 11:37:47.394515+00,register,Agus Ajat,2026-06-11 11:37:47.338+00,,,BT,
d2420a9f-40e8-4e3f-8389-e7738e16a241,REG-2026-36840,KUASA — RIA OKTAVIANTI,kuasa@gmail.com,PERPANJANGAN SARUSUN,4553,HMSRS,Tanjung Duren Selatan,Grogol Petamburan,,,,Sedang Dipinjam,Dikonfirmasi & diambil oleh peminjam — Agus Ajat,2026-06-11 10:29:55.373175+00,2026-06-11 11:31:23.481+00,kuasa,2026-06-11 10:29:55.373175+00,2026-06-11 11:31:23.535371+00,register,Agus Ajat,2026-06-11 11:31:23.481+00,,,BT,
c12e379a-e883-4344-9090-9dade916c76e,REG-2026-36841,KUASA — RIA OKTAVIANTI,kuasa@gmail.com,PERPANJANGAN SARUSUN,1872,HMSRS,Cengkareng Timur,Cengkareng,,,,Sedang Dipinjam,Dikonfirmasi & diambil oleh peminjam — Agus Ajat,2026-06-11 10:29:55.373175+00,2026-06-11 11:22:54.853+00,kuasa,2026-06-11 10:29:55.373175+00,2026-06-11 11:22:54.928191+00,register,Agus Ajat,2026-06-11 11:22:54.853+00,,,BT,
2261f435-1439-48e1-87b8-9473984585ac,REG-2026-36842,KUASA — RIA OKTAVIANTI,kuasa@gmail.com,PERPANJANGAN SARUSUN,1863,HMSRS,Cengkareng Timur,Cengkareng,,,,Sedang Dipinjam,Dikonfirmasi & diambil oleh peminjam — Agus Ajat,2026-06-11 10:29:55.373175+00,2026-06-11 11:42:54.084+00,kuasa,2026-06-11 10:29:55.373175+00,2026-06-11 11:42:54.144907+00,register,Agus Ajat,2026-06-11 11:42:54.084+00,,,BT,
f84439f2-6f9f-4c36-a765-a8be6fdf9b52,REG-2026-36843,KUASA — RIA OKTAVIANTI,kuasa@gmail.com,PERPANJANGAN SARUSUN,2139,HMSRS,Cengkareng Timur,Cengkareng,,,,Sedang Dipinjam,Dikonfirmasi & diambil oleh peminjam — Agus Ajat,2026-06-11 10:29:55.373175+00,2026-06-11 11:42:14.592+00,kuasa,2026-06-11 10:29:55.373175+00,2026-06-11 11:42:14.652577+00,register,Agus Ajat,2026-06-11 11:42:14.592+00,,,BT,
1c1402b6-65ef-45d9-87a9-c894cfbdaba0,REG-2026-36844,KUASA — RIA OKTAVIANTI,kuasa@gmail.com,PERPANJANGAN SARUSUN,2467,HMSRS,Cengkareng Timur,Cengkareng,,,,Sedang Dipinjam,Dikonfirmasi & diambil oleh peminjam — Agus Ajat,2026-06-11 10:29:55.373175+00,2026-06-11 11:42:14.515+00,kuasa,2026-06-11 10:29:55.373175+00,2026-06-11 11:42:14.581263+00,register,Agus Ajat,2026-06-11 11:42:14.515+00,,,BT,
b6f012f2-02a1-49eb-a966-3f41132a14f0,REG-2026-36845,KUASA — RIA OKTAVIANTI,kuasa@gmail.com,PERPANJANGAN SARUSUN,5547,HMSRS,Tanjung Duren Selatan,Grogol Petamburan,,,,Sedang Dipinjam,Dikonfirmasi & diambil oleh peminjam — Agus Ajat,2026-06-11 10:29:55.373175+00,2026-06-11 11:38:38.611+00,kuasa,2026-06-11 10:29:55.373175+00,2026-06-11 11:38:38.671272+00,register,Agus Ajat,2026-06-11 11:38:38.611+00,,,BT,
b50281db-b389-4271-8867-3baac54db4f1,REG-2026-16350,KUASA — ANDRE,kuasa@gmail.com,PERALIHAN HAK WARIS,4466,HM,Kembangan Selatan,Kembangan,,,,Sedang Dipinjam,Dikonfirmasi & diambil oleh peminjam — Agus Ajat,2026-06-11 10:31:02.081794+00,2026-06-11 12:47:01.7+00,kuasa,2026-06-11 10:31:02.081794+00,2026-06-11 12:47:01.749196+00,register,Agus Ajat,2026-06-11 12:47:01.7+00,,,BT,
2b147426-236e-449c-ab99-6cceebe004d2,REG-2026-16351,KUASA — ANDRE,kuasa@gmail.com,PERALIHAN HAK WARIS,6604,HM,Meruya Selatan,Kembangan,,,,Sedang Dipinjam,Dikonfirmasi & diambil oleh peminjam — Agus Ajat,2026-06-11 10:31:02.081794+00,2026-06-11 11:33:19.963+00,kuasa,2026-06-11 10:31:02.081794+00,2026-06-11 11:33:20.022684+00,register,Agus Ajat,2026-06-11 11:33:19.963+00,,,BT,
600320fc-116f-41c7-ae40-de4953cb4e84,REG-2026-16352,KUASA — ANDRE,kuasa@gmail.com,PERALIHAN HAK WARIS,12015,HMSRS,Tanjung Duren Selatan,Grogol Petamburan,,,,Sedang Dipinjam,Dikonfirmasi & diambil oleh peminjam — Agus Ajat,2026-06-11 10:31:02.081794+00,2026-06-11 11:48:15.125+00,kuasa,2026-06-11 10:31:02.081794+00,2026-06-11 11:48:15.179047+00,register,Agus Ajat,2026-06-11 11:48:15.125+00,,,BT,
18646ef9-f1a9-4ba3-b32e-06bfc620e0d1,REG-2026-16353,KUASA — ANDRE,kuasa@gmail.com,PERALIHAN HAK WARIS,1297,HMSRS,Srengseng,Kembangan,,,,Sedang Dipinjam,Dikonfirmasi & diambil oleh peminjam — Agus Ajat,2026-06-11 10:31:02.081794+00,2026-06-11 11:24:28.445+00,kuasa,2026-06-11 10:31:02.081794+00,2026-06-11 11:24:28.497166+00,register,Agus Ajat,2026-06-11 11:24:28.445+00,,,BT,
7911f9df-fb57-42ab-9154-3c991a4c49af,REG-2026-16354,KUASA — ANDRE,kuasa@gmail.com,PERALIHAN HAK WARIS,12283,HMSRS,Tanjung Duren Selatan,Grogol Petamburan,,,,Sedang Dipinjam,Dikonfirmasi & diambil oleh peminjam — Agus Ajat,2026-06-11 10:31:02.081794+00,2026-06-11 11:30:16.208+00,kuasa,2026-06-11 10:31:02.081794+00,2026-06-11 11:30:16.267635+00,register,Agus Ajat,2026-06-11 11:30:16.208+00,,,BT,
335946c6-460f-4f64-acd7-a34856a7df40,REG-2026-14810,PHP — WORO,kuasa@gmail.com,PERPANJANGAN HGB,6288,HGB,Kembangan Utara,Kembangan,,,,Sedang Dipinjam,Dikonfirmasi & diambil oleh peminjam — Agus Ajat,2026-06-11 10:39:42.299511+00,2026-06-11 11:48:01.78+00,kuasa,2026-06-11 10:39:42.299511+00,2026-06-11 11:48:01.841692+00,register,Agus Ajat,2026-06-11 11:48:01.78+00,,,BT,
417abf5d-0192-430f-a0ad-14c02c589b52,REG-2026-02070,PHP — WORO,kuasa@gmail.com,PERPANJANGAN HGB,4242,HGB,Kembangan Utara,Kembangan,,,,Sedang Dipinjam,Dikonfirmasi & diambil oleh peminjam — Agus Ajat,2026-06-11 10:42:01.032794+00,2026-06-11 11:48:01.585+00,kuasa,2026-06-11 10:42:01.032794+00,2026-06-11 11:48:01.65052+00,register,Agus Ajat,2026-06-11 11:48:01.585+00,,,BT,
09619c0c-45b9-4f20-9db3-c8f42ab1c9c9,REG-2026-02071,PHP — WORO,kuasa@gmail.com,PERPANJANGAN HGB,7323,HGB,Kembangan Utara,Kembangan,,,,Sedang Dipinjam,Dikonfirmasi & diambil oleh peminjam — Agus Ajat,2026-06-11 10:42:01.032794+00,2026-06-11 11:48:01.653+00,kuasa,2026-06-11 10:42:01.032794+00,2026-06-11 11:48:01.716911+00,register,Agus Ajat,2026-06-11 11:48:01.653+00,,,BT,
74529a69-010b-4dab-b3bf-6f28ca1733f7,REG-2026-02072,PHP — WORO,kuasa@gmail.com,PERPANJANGAN HGB,6099,HGB,Kembangan Utara,Kembangan,,,,Sedang Dipinjam,Dikonfirmasi & diambil oleh peminjam — Agus Ajat,2026-06-11 10:42:01.032794+00,2026-06-11 11:48:01.719+00,kuasa,2026-06-11 10:42:01.032794+00,2026-06-11 11:48:01.7807+00,register,Agus Ajat,2026-06-11 11:48:01.719+00,,,BT,
1fab7ffe-0b7c-41b1-ad5d-7a200d3b3598,REG-2026-54880,PHP — YUNIZA,kuasa@gmail.com,PERMOHONAN SK,805,HGB,Kedoya Selatan,Kebon Jeruk,,,,Sedang Dipinjam,Dikonfirmasi & diambil oleh peminjam — Agus Ajat,2026-06-11 10:48:26.333959+00,2026-06-11 12:07:46.495+00,kuasa,2026-06-11 10:48:26.333959+00,2026-06-11 12:07:46.525637+00,register,Agus Ajat,2026-06-11 12:07:46.495+00,,,BT,
415fc282-d050-4686-9e1a-ba8646cf2afe,REG-2026-61940,KUASA — ARIF RK,kuasa@gmail.com,PERALIHAN HAK JUAL BELI,738,HM,Tamansari,Taman Sari,,,,Sedang Dipinjam,Dikonfirmasi & diambil oleh peminjam — Agus Ajat,2026-06-11 10:49:15.818748+00,2026-06-11 12:36:23.36+00,kuasa,2026-06-11 10:49:15.818748+00,2026-06-11 12:36:23.39228+00,register,Agus Ajat,2026-06-11 12:36:23.36+00,,,BT,
253b86bc-bcf5-4b2d-9017-232a101fe62c,REG-2026-55300,KUASA — ARIF RK,kuasa@gmail.com,PERALIHAN HAK JUAL BELI,751,HM,Tamansari,Taman Sari,,,,Sedang Dipinjam,Dikonfirmasi & diambil oleh peminjam — Agus Ajat,2026-06-11 10:55:15.143685+00,2026-06-11 12:35:35.911+00,kuasa,2026-06-11 10:55:15.143685+00,2026-06-11 12:35:35.942287+00,register,Agus Ajat,2026-06-11 12:35:35.911+00,,,BT,
899cda5c-b552-43c1-bbdf-329ebff79f17,REG-2026-55301,KUASA — ARIF RK,kuasa@gmail.com,PERALIHAN HAK JUAL BELI,6523,HMSRS,Tanjung Duren Selatan,Grogol Petamburan,,,,Sedang Dipinjam,Dikonfirmasi & diambil oleh peminjam — Agus Ajat,2026-06-11 10:55:15.143685+00,2026-06-11 12:35:00.736+00,kuasa,2026-06-11 10:55:15.143685+00,2026-06-11 12:35:00.785582+00,register,Agus Ajat,2026-06-11 12:35:00.736+00,,,BT,
407afa2a-17f6-48a0-8d41-33273c65ca0e,REG-2026-55302,KUASA — ARIF RK,kuasa@gmail.com,PERALIHAN HAK JUAL BELI,11887,HM,Duri Kepa,Kebon Jeruk,,,,Sedang Dipinjam,Dikonfirmasi & diambil oleh peminjam — Agus Ajat,2026-06-11 10:55:15.143685+00,2026-06-11 12:37:27.97+00,kuasa,2026-06-11 10:55:15.143685+00,2026-06-11 12:37:28.002284+00,register,Agus Ajat,2026-06-11 12:37:27.97+00,,,BT,
bcf9302a-beb3-4dbd-8f84-3dd7937afe97,REG-2026-55303,KUASA — ARIF RK,kuasa@gmail.com,PERALIHAN HAK JUAL BELI,2052,HMSRS,Kembangan Selatan,Kembangan,,,,Sedang Dipinjam,Dikonfirmasi & diambil oleh peminjam — Agus Ajat,2026-06-11 10:55:15.143685+00,2026-06-11 12:37:59.633+00,kuasa,2026-06-11 10:55:15.143685+00,2026-06-11 12:37:59.668646+00,register,Agus Ajat,2026-06-11 12:37:59.633+00,,,BT,
f33e1e93-e9f6-4da6-8eb9-80d84a99825e,REG-2026-55304,KUASA — ARIF RK,kuasa@gmail.com,PERALIHAN HAK JUAL BELI,2377,HMSRS,Kembangan Selatan,Kembangan,,,,Sedang Dipinjam,Dikonfirmasi & diambil oleh peminjam — Agus Ajat,2026-06-11 10:55:15.143685+00,2026-06-11 12:34:21.802+00,kuasa,2026-06-11 10:55:15.143685+00,2026-06-11 12:34:21.835492+00,register,Agus Ajat,2026-06-11 12:34:21.802+00,,,BT,
47e1b19d-9c76-4b70-8b98-b41cad68d10d,REG-2026-55305,KUASA — ARIF RK,kuasa@gmail.com,PERALIHAN HAK JUAL BELI,2376,HMSRS,Kembangan Selatan,Kembangan,,,,Sedang Dipinjam,Dikonfirmasi & diambil oleh peminjam — Agus Ajat,2026-06-11 10:55:15.143685+00,2026-06-11 12:33:48.446+00,kuasa,2026-06-11 10:55:15.143685+00,2026-06-11 12:33:48.47995+00,register,Agus Ajat,2026-06-11 12:33:48.446+00,,,BT,
afc1d1c8-f598-4b16-92f6-7256dd699bb7,REG-2026-55306,KUASA — ARIF RK,kuasa@gmail.com,PERALIHAN HAK JUAL BELI,915,HM,Joglo,Kembangan,,,,Sedang Dipinjam,Dikonfirmasi & diambil oleh peminjam — Agus Ajat,2026-06-11 10:55:15.143685+00,2026-06-11 12:36:56.336+00,kuasa,2026-06-11 10:55:15.143685+00,2026-06-11 12:36:56.374533+00,register,Agus Ajat,2026-06-11 12:36:56.336+00,,,BT,
c111de82-37a0-44c1-8a8b-0c7aad9c2e32,REG-2026-39440,PHP — SATAL,kuasa@gmail.com,PERPANJANGAN HGB,2136,HGB,Kedaung Kali Angke,Cengkareng,,,,Sudah Dikembalikan,Dikonfirmasi & diambil oleh peminjam — Agus Ajat,2026-06-11 11:58:04.886888+00,2026-06-18 04:04:40.125+00,kuasa,2026-06-11 11:58:04.886888+00,2026-06-18 04:04:40.132122+00,register,Agus Ajat,2026-06-11 12:07:46.44+00,,,BT,
7968c103-a739-40e6-815c-6d1ac3e015b1,REG-2026-77620,PHP — SATAL/DARAJAT,kuasa@gmail.com,PERMOHONAN SK,2666,HGB,Kedaung Kali Angke,Cengkareng,,,,Sedang Dipinjam,Dikonfirmasi & diambil oleh peminjam — Agus Ajat,2026-06-11 13:46:08.821892+00,2026-06-12 03:01:40.537+00,kuasa,2026-06-11 13:46:08.821892+00,2026-06-12 03:01:40.57109+00,register,Agus Ajat,2026-06-12 03:01:40.537+00,,,BT,
4a0c36cb-5401-41bd-81a6-edb8f102a4df,REG-2026-26100,PHP — SATAL/DARAJAT,kuasa@gmail.com,PERMOHONAN SK,3002,HGB,Pinangsia,Taman Sari,,,,Sudah Dikembalikan,Dikonfirmasi & diambil oleh peminjam — Agus Ajat,2026-06-11 14:07:03.363591+00,2026-06-18 04:04:36.066+00,kuasa,2026-06-11 14:07:03.363591+00,2026-06-18 04:04:36.080426+00,register,Agus Ajat,2026-06-12 03:01:40.344+00,,,BT,
514dab43-3b19-4b77-97cf-f7f3c0deb80a,REG-2026-26101,PHP — SATAL/DARAJAT,kuasa@gmail.com,PERMOHONAN SK,3005,HGB,Pinangsia,Taman Sari,,,,Sedang Dipinjam,Dikonfirmasi & diambil oleh peminjam — Agus Ajat,2026-06-11 14:07:03.363591+00,2026-06-12 03:01:40.295+00,kuasa,2026-06-11 14:07:03.363591+00,2026-06-12 03:01:40.329913+00,register,Agus Ajat,2026-06-12 03:01:40.295+00,,,BT,
92818e13-8ac6-43f5-8370-684c7947c6ff,REG-2026-26102,PHP — SATAL/DARAJAT,kuasa@gmail.com,PERMOHONAN SK,3006,HGB,Pinangsia,Taman Sari,,,,Sedang Dipinjam,Dikonfirmasi & diambil oleh peminjam — Agus Ajat,2026-06-11 14:07:03.363591+00,2026-06-12 03:01:40.392+00,kuasa,2026-06-11 14:07:03.363591+00,2026-06-12 03:01:40.426891+00,register,Agus Ajat,2026-06-12 03:01:40.392+00,,,BT,
f5c78972-aae9-4128-9172-a627f2ce0c64,REG-2026-26103,PHP — SATAL/DARAJAT,kuasa@gmail.com,PERMOHONAN SK,2999,HGB,Pinangsia,Taman Sari,,,,Sedang Dipinjam,Dikonfirmasi & diambil oleh peminjam — Agus Ajat,2026-06-11 14:07:03.363591+00,2026-06-12 03:01:40.444+00,kuasa,2026-06-11 14:07:03.363591+00,2026-06-12 03:01:40.476716+00,register,Agus Ajat,2026-06-12 03:01:40.444+00,,,BT,
574ff328-ce43-4e21-b097-5d2f75f6406b,REG-2026-26104,PHP — SATAL/DARAJAT,kuasa@gmail.com,PERMOHONAN SK,2998,HGB,Pinangsia,Taman Sari,,,,Sedang Dipinjam,Dikonfirmasi & diambil oleh peminjam — Agus Ajat,2026-06-11 14:07:03.363591+00,2026-06-12 03:01:40.488+00,kuasa,2026-06-11 14:07:03.363591+00,2026-06-12 03:01:40.522752+00,register,Agus Ajat,2026-06-12 03:01:40.488+00,,,BT,
91e99e9e-a924-4ddc-b5c8-5fd5b5c38b7b,REG-2026-07220,PHP — ERIKA/DARAJAT,kuasa@gmail.com,PERMOHONAN SK,17105,HGB,Pegadungan,Kalideres,,,,Sedang Dipinjam,Dikonfirmasi & diambil oleh peminjam — Agus Ajat,2026-06-11 14:25:21.289964+00,2026-06-12 03:01:40.19+00,kuasa,2026-06-11 14:25:21.289964+00,2026-06-12 03:01:40.226051+00,register,Agus Ajat,2026-06-12 03:01:40.19+00,,,BT,
d19d1a12-7057-41f4-b96f-ddbdab410c72,REG-2026-07221,PHP — ERIKA/DARAJAT,kuasa@gmail.com,PERMOHONAN SK,17104,HGB,Pegadungan,Kalideres,,,,Sedang Dipinjam,Dikonfirmasi & diambil oleh peminjam — Agus Ajat,2026-06-11 14:25:21.289964+00,2026-06-12 03:01:40.247+00,kuasa,2026-06-11 14:25:21.289964+00,2026-06-12 03:01:40.2807+00,register,Agus Ajat,2026-06-12 03:01:40.247+00,,,BT,
226cb2ca-7d67-43ae-9df1-a27cb154b12e,REG-2026-55460,PHP — SRI KUNTADI/DARAJAT,kuasa@gmail.com,PERMOHONAN SK,298,HGB,Krukut,Taman Sari,,,,Sudah Dikembalikan,Dikonfirmasi & diambil oleh peminjam — Agus Ajat,2026-06-11 14:46:05.95176+00,2026-06-18 04:04:28.085+00,kuasa,2026-06-11 14:46:05.95176+00,2026-06-18 04:04:28.114008+00,register,Agus Ajat,2026-06-12 03:01:40.139+00,,,BT,
1459f623-fa8d-43c4-b5ca-3550689f4549,REG-2026-72450,PHP — ERIKA/DARAJAT,kuasa@gmail.com,PERMOHONAN SK,8768,HGB,Cengkareng Timur,Cengkareng,,,,Sedang Dipinjam,Dikonfirmasi & diambil oleh peminjam — Agus Ajat,2026-06-11 15:17:28.187781+00,2026-06-12 03:01:40.088+00,kuasa,2026-06-11 15:17:28.187781+00,2026-06-12 03:01:40.124386+00,register,Agus Ajat,2026-06-12 03:01:40.088+00,,,BT,
890a05e9-39bc-464a-ad3f-f156cdb11436,REG-2026-33420,PRIORITAS — DANNY,prioritas@gmail.com,ROYA,12553,HM,Pegadungan,Kalideres,,,10270/2015,Sedang Dipinjam,Dikonfirmasi & diambil oleh peminjam — Agus Ajat,2026-06-12 01:19:54.383873+00,2026-06-12 01:30:24.065+00,prioritas,2026-06-12 01:19:54.383873+00,2026-06-12 01:30:24.088896+00,register,Agus Ajat,2026-06-12 01:30:24.065+00,,,BT & HT,
f6ec5993-9727-47ac-a5c1-40150afaed94,REG-2026-00260,PHP — DANANG,ajat@gmail.com,VALIDASI / ALIH MEDIA,11808,HM,Kembangan Utara,Kembangan,,,,Sedang Dipinjam,Dikonfirmasi & diambil oleh peminjam — Agus Ajat,2026-06-12 02:42:10.451288+00,2026-06-12 03:01:40.038+00,agusajat,2026-06-12 02:42:10.451288+00,2026-06-12 03:01:40.073601+00,register,Agus Ajat,2026-06-12 03:01:40.038+00,,,BT,
de285d56-8f08-4f63-a066-4284cf6c1c2e,REG-2026-13310,PHP — DANANG,ajat@gmail.com,VALIDASI / ALIH MEDIA,14296,HGB,Cengkareng Timur,Cengkareng,,,,Sedang Dipinjam,Dikonfirmasi & diambil oleh peminjam — Agus Ajat,2026-06-12 02:43:11.393334+00,2026-06-12 03:01:39.938+00,agusajat,2026-06-12 02:43:11.393334+00,2026-06-12 03:01:39.985145+00,register,Agus Ajat,2026-06-12 03:01:39.938+00,,,BT,
6503898d-5429-4d70-8122-f926683001c3,REG-2026-83060,PRIORITAS — Dista,prioritas@gmail.com,PERUBAHAN HAK,8218,HGB,Kalideres,Kalideres,,,,Sedang Dipinjam,Dikonfirmasi & diambil oleh peminjam — Agus Ajat,2026-06-12 03:03:56.577395+00,2026-06-12 03:07:10.838+00,prioritas,2026-06-12 03:03:56.577395+00,2026-06-12 03:07:10.873793+00,register,Agus Ajat,2026-06-12 03:07:10.838+00,,,BT,
2b6f6da3-e8bf-4dfc-9bc2-e214b78c34e5,REG-2026-20310,PRIORITAS — DANNY,prioritas@gmail.com,ROYA,10910,HM,Semanan,Kalideres,,,3244/2019,Sedang Dipinjam,Dikonfirmasi & diambil oleh peminjam — Agus Ajat,2026-06-12 03:17:33.213864+00,2026-06-12 03:33:19.258+00,prioritas,2026-06-12 03:17:33.213864+00,2026-06-12 03:33:19.246991+00,register,Agus Ajat,2026-06-12 03:33:19.258+00,,,BT & HT,
5b0a2378-3548-43ca-8989-1147b138875f,REG-2026-10210,KUASA — RIKI OKTAVIAN,kuasa@gmail.com,PEMECAHAN,1717,HGB,Sukabumi Selatan,Kebon Jeruk,,,,Sedang Dipinjam,Dikonfirmasi & diambil oleh peminjam — Agus Ajat,2026-06-12 03:19:12.580697+00,2026-06-12 03:34:53.276+00,kuasa,2026-06-12 03:19:12.580697+00,2026-06-12 03:34:53.265772+00,register,Agus Ajat,2026-06-12 03:34:53.276+00,,,BT,
889ad661-6b0d-4faa-bcc2-9e8dcb6271bf,REG-2026-57210,KUASA — RIKI OKTAVIAN,kuasa@gmail.com,PEMECAHAN,1716,HGB,Sukabumi Selatan,Kebon Jeruk,,,,Sedang Dipinjam,Dikonfirmasi & diambil oleh peminjam — Agus Ajat,2026-06-12 03:20:37.283071+00,2026-06-12 03:34:53.19+00,kuasa,2026-06-12 03:20:37.283071+00,2026-06-12 03:34:53.189097+00,register,Agus Ajat,2026-06-12 03:34:53.19+00,,,BT,
4c35a827-ac96-47d3-ac7b-8e88146c9036,REG-2026-88950,KUASA — RIA OKTAVIANTI,ajat@gmail.com,GANTI NAMA PEMEGANG HT,1745,HGB,Jatipulo,Palmerah,,,,Sedang Dipinjam,Dikonfirmasi & diambil oleh peminjam — Agus Ajat,2026-06-12 03:30:28.978498+00,2026-06-12 03:32:52.671+00,agusajat,2026-06-12 03:30:28.978498+00,2026-06-12 03:32:52.659123+00,register,Agus Ajat,2026-06-12 03:32:52.671+00,,,BT,
488cd1f1-6802-4c53-81b0-f98c4c34f120,REG-2026-37510,KUASA — RIA OKTAVIANTI,ajat@gmail.com,PERUBAHAN HAK,4342,HGB,Tanjung Duren Selatan,Grogol Petamburan,,,,Sedang Dipinjam,Dikonfirmasi & diambil oleh peminjam — Agus Ajat,2026-06-12 03:32:23.825063+00,2026-06-12 03:32:52.611+00,agusajat,2026-06-12 03:32:23.825063+00,2026-06-12 03:32:52.602792+00,register,Agus Ajat,2026-06-12 03:32:52.611+00,,,BT,
69aedcde-dd08-4342-ba62-caa9ad8944e1,REG-2026-33180,KUASA — OJAN,ajat@gmail.com,ROYA,7,HM,Tanjung Duren Selatan,Grogol Petamburan,,,4087;9235/2013/2015,Sedang Dipinjam,Dikonfirmasi & diambil oleh peminjam — Agus Ajat,2026-06-12 03:44:23.43448+00,2026-06-12 03:45:36.46+00,agusajat,2026-06-12 03:44:23.43448+00,2026-06-12 03:45:36.473732+00,register,Agus Ajat,2026-06-12 03:45:36.46+00,,,BT & HT,
b7494099-f7bb-4549-a203-ed16c4ba5855,REG-2026-73880,KUASA — OJAN,ajat@gmail.com,ROYA,8,HM,Tanjung Duren Selatan,Grogol Petamburan,,,4086/2015;9251//2013,Sedang Dipinjam,Dikonfirmasi & diambil oleh peminjam — Agus Ajat,2026-06-12 03:47:47.508485+00,2026-06-12 03:48:14.15+00,agusajat,2026-06-12 03:47:47.508485+00,2026-06-12 03:48:14.164084+00,register,Agus Ajat,2026-06-12 03:48:14.15+00,,,BT & HT,
13d8b304-2fe3-4a85-b9cd-5c24d05c05a1,REG-2026-77280,KUASA — OJAN,ajat@gmail.com,ROYA,13154,HM,Pegadungan,Kalideres,,,3577/2018,Sedang Dipinjam,Dikonfirmasi & diambil oleh peminjam — Agus Ajat,2026-06-12 03:49:27.849316+00,2026-06-12 03:56:32.136+00,agusajat,2026-06-12 03:49:27.849316+00,2026-06-12 03:56:32.169198+00,register,Agus Ajat,2026-06-12 03:56:32.136+00,,,BT & HT,
5bf8a57e-f9ee-452b-af1d-4a3f5a87b078,REG-2026-53440,KUASA — OJAN,ajat@gmail.com,ROYA,1556,HM,Cengkareng Timur,Cengkareng,,,7999/2019,Sedang Dipinjam,Dikonfirmasi & diambil oleh peminjam — Agus Ajat,2026-06-12 03:53:25.488107+00,2026-06-12 03:56:32.023+00,agusajat,2026-06-12 03:53:25.488107+00,2026-06-12 03:56:32.056745+00,register,Agus Ajat,2026-06-12 03:56:32.023+00,,,BT & HT,
cfc0308c-1b20-4b91-ac4e-347210512961,REG-2026-53441,KUASA — OJAN,ajat@gmail.com,ROYA,2037,HM,Tanjung Duren Selatan,Grogol Petamburan,,,5950/2009,Sedang Dipinjam,Dikonfirmasi & diambil oleh peminjam — Agus Ajat,2026-06-12 03:53:25.488107+00,2026-06-12 03:56:32.083+00,agusajat,2026-06-12 03:53:25.488107+00,2026-06-12 03:56:32.116759+00,register,Agus Ajat,2026-06-12 03:56:32.083+00,,,BT & HT,
6b0c9c50-eb38-4eb1-bef7-cfc0c51e1610,REG-2026-09440,KUASA — OJAN,ajat@gmail.com,GANTI BLANKO / HILANG,1235,HM,Jelambar Baru,Grogol Petamburan,,,,Sedang Dipinjam,Dikonfirmasi & diambil oleh peminjam — Agus Ajat,2026-06-12 03:54:21.084403+00,2026-06-12 03:56:31.971+00,agusajat,2026-06-12 03:54:21.084403+00,2026-06-12 03:56:32.004302+00,register,Agus Ajat,2026-06-12 03:56:31.971+00,,,BT,
7398ac2e-6c4f-4f51-9c39-5b345c60cd3e,REG-2026-88160,KUASA — OJAN,ajat@gmail.com,SKPT,2695,HM,Semanan,Kalideres,,,,Sedang Dipinjam,Dikonfirmasi & diambil oleh peminjam — Agus Ajat,2026-06-12 03:55:48.982766+00,2026-06-12 03:56:31.896+00,agusajat,2026-06-12 03:55:48.982766+00,2026-06-12 03:56:31.946235+00,register,Agus Ajat,2026-06-12 03:56:31.896+00,,,BT,
acb8b0f9-315b-42bf-acc0-7be5284b95d5,REG-2026-32330,PRIORITAS — DISTA,prioritas@gmail.com,SERTIFIKAT LAMA,10048,HM,Cengkareng Timur,Cengkareng,,,,Sedang Dipinjam,Dikonfirmasi & diambil oleh peminjam — Admin Arsip,2026-06-12 06:14:53.260605+00,2026-06-12 08:51:07.63+00,prioritas,2026-06-12 06:14:53.260605+00,2026-06-12 08:51:07.629985+00,register,Admin Arsip,2026-06-12 08:51:07.63+00,,,BT,
7d27a07c-4e2d-4ee8-87ca-3bad9a87830b,REG-2026-98311,PHP — Saraya,php@gmail.com,SKPT,6994,HM,Kalideres,Kalideres,,,,Sudah Dikembalikan,Dikonfirmasi & diambil oleh peminjam — Admin Arsip,2026-06-12 08:26:31.404472+00,2026-06-18 07:56:29.17+00,php,2026-06-12 08:26:31.404472+00,2026-06-18 07:56:29.212219+00,register,Admin Arsip,2026-06-12 08:53:13.746+00,,,BT,
8a6d7d54-1c29-49c1-9158-1187efc09a8f,REG-2026-98312,PHP — Saraya,php@gmail.com,SKPT,24,HM,Pegadungan,Kalideres,,,,Sedang Dipinjam,Dikonfirmasi & diambil oleh peminjam — Admin Arsip,2026-06-12 08:26:31.404472+00,2026-06-12 08:53:13.692+00,php,2026-06-12 08:26:31.404472+00,2026-06-12 08:53:13.688593+00,register,Admin Arsip,2026-06-12 08:53:13.692+00,,,BT,
dc929f4b-3160-46f9-b7c6-8341de47274f,REG-2026-98313,PHP — Saraya,php@gmail.com,SKPT,7502,HM,Pegadungan,Kalideres,,,,Sudah Dikembalikan,Dikonfirmasi & diambil oleh peminjam — Admin Arsip,2026-06-12 08:26:31.404472+00,2026-06-18 02:49:18.649+00,php,2026-06-12 08:26:31.404472+00,2026-06-18 02:49:18.685365+00,register,Admin Arsip,2026-06-12 08:53:13.516+00,,,BT,
37b81a37-a803-47cd-86c8-b9b29f3fe947,REG-2026-98314,PHP — Saraya,php@gmail.com,SKPT,7503,HM,Pegadungan,Kalideres,,,,Sudah Dikembalikan,Dikonfirmasi & diambil oleh peminjam — Admin Arsip,2026-06-12 08:26:31.404472+00,2026-06-18 02:49:23.155+00,php,2026-06-12 08:26:31.404472+00,2026-06-18 02:49:23.181985+00,register,Admin Arsip,2026-06-12 08:53:13.446+00,,,BT,
cd039fdf-076e-4899-8f8c-ef1d6591cc73,REG-2026-98315,PHP — Saraya,php@gmail.com,SKPT,6019,HM,Duri Kepa,Kebon Jeruk,,,,Sudah Dikembalikan,Dikonfirmasi & diambil oleh peminjam — Admin Arsip,2026-06-12 08:26:31.404472+00,2026-06-18 07:56:01.387+00,php,2026-06-12 08:26:31.404472+00,2026-06-18 07:56:01.4243+00,register,Admin Arsip,2026-06-12 08:53:13.572+00,,,BT,
a2edf5df-c494-4580-9c2d-aed23c2343a4,REG-2026-98316,PHP — Saraya,php@gmail.com,SKPT,3793,HGB,Kedoya Selatan,Kebon Jeruk,,,,Sudah Dikembalikan,Dikonfirmasi & diambil oleh peminjam — Admin Arsip,2026-06-12 08:26:31.404472+00,2026-06-18 07:56:12.487+00,php,2026-06-12 08:26:31.404472+00,2026-06-18 07:56:12.521905+00,register,Admin Arsip,2026-06-12 08:53:13.633+00,,,BT,
3f274522-2c78-4a75-9317-b449397be77b,REG-2026-35890,PHP — A KHOLIK (15698/2026),kuasa@gmail.com,PERMOHONAN SK,4652,HGB,Wijaya Kusuma,Grogol Petamburan,,,,Sedang Dipinjam,Dikonfirmasi & diambil oleh peminjam — Admin Arsip,2026-06-12 08:39:33.860601+00,2026-06-12 10:13:07.953+00,kuasa,2026-06-12 08:39:33.860601+00,2026-06-12 10:13:07.996575+00,register,Admin Arsip,2026-06-12 10:13:07.953+00,,,BT,
36bb9da3-3461-4cbe-a010-6cc39b9d525e,REG-2026-86260,PHP — A KHOLIK (15982/2026),kuasa@gmail.com,PERMOHONAN SK,4654,HGB,Wijaya Kusuma,Grogol Petamburan,,,,Sudah Dikembalikan,Dikonfirmasi & diambil oleh peminjam — Admin Arsip,2026-06-12 08:41:59.214438+00,2026-06-19 02:24:55.937+00,kuasa,2026-06-12 08:41:59.214438+00,2026-06-19 02:24:55.922153+00,register,Admin Arsip,2026-06-12 10:13:07.608+00,,,BT,
1794eb15-5d55-4f14-b85f-407347af98cf,REG-2026-54780,PHP — SARAYA,admin@gmail.com,SKPT,903,HGB,Keagungan,Taman Sari,,,,Sedang Dipinjam,Dikonfirmasi & diambil oleh peminjam — Admin Arsip,2026-06-12 09:06:35.679253+00,2026-06-12 09:09:27.165+00,admin,2026-06-12 09:06:35.679253+00,2026-06-12 09:09:27.165227+00,register,Admin Arsip,2026-06-12 09:09:27.165+00,,,BT,
5f4bb01d-3313-4728-8313-63afeeaf0f9c,REG-2026-54781,PHP — SARAYA,admin@gmail.com,SKPT,13662,HGB,Cengkareng Timur,Cengkareng,,,,Sedang Dipinjam,Dikonfirmasi & diambil oleh peminjam — Admin Arsip,2026-06-12 09:06:35.679253+00,2026-06-12 09:09:27.216+00,admin,2026-06-12 09:06:35.679253+00,2026-06-12 09:09:27.224022+00,register,Admin Arsip,2026-06-12 09:09:27.216+00,,,BT,
3c610c79-ceef-4f62-ad83-803a6183fddf,REG-2026-547810,PHP — SARAYA,admin@gmail.com,SKPT,5324,HMSRS,Jembatan Besi,Tambora,,,,Sedang Dipinjam,Dikonfirmasi & diambil oleh peminjam — Admin Arsip,2026-06-12 09:06:35.679253+00,2026-06-12 09:09:27.644+00,admin,2026-06-12 09:06:35.679253+00,2026-06-12 09:09:27.644695+00,register,Admin Arsip,2026-06-12 09:09:27.644+00,,,BT,
afcf4083-559b-4796-b605-4adddb94802f,REG-2026-547811,PHP — SARAYA,admin@gmail.com,SKPT,2309,HGB,Meruya Selatan,Kembangan,,,,Sudah Dikembalikan,Dikonfirmasi & diambil oleh peminjam — Admin Arsip,2026-06-12 09:06:35.679253+00,2026-06-17 06:47:20.457+00,admin,2026-06-12 09:06:35.679253+00,2026-06-17 06:47:20.46548+00,register,Admin Arsip,2026-06-12 09:09:27.7+00,,,BT,
d4a4d20c-c543-492b-963b-23164e801702,REG-2026-54782,PHP — SARAYA,admin@gmail.com,SKPT,1579,HM,Kemanggisan,Palmerah,,,,Sedang Dipinjam,Dikonfirmasi & diambil oleh peminjam — Admin Arsip,2026-06-12 09:06:35.679253+00,2026-06-12 09:09:27.277+00,admin,2026-06-12 09:06:35.679253+00,2026-06-12 09:09:27.27694+00,register,Admin Arsip,2026-06-12 09:09:27.277+00,,,BT,
044eb1bf-cc88-44ce-8a67-16e6e306a5dd,REG-2026-54783,PHP — SARAYA,admin@gmail.com,SKPT,4684,HGB,Kembangan Utara,Kembangan,,,,Sedang Dipinjam,Dikonfirmasi & diambil oleh peminjam — Admin Arsip,2026-06-12 09:06:35.679253+00,2026-06-12 09:09:27.038+00,admin,2026-06-12 09:06:35.679253+00,2026-06-12 09:09:27.04511+00,register,Admin Arsip,2026-06-12 09:09:27.038+00,,,BT,
3d9c4398-25b7-4282-a95e-d0d7df52c719,REG-2026-54784,PHP — SARAYA,admin@gmail.com,SKPT,496,HGB,Meruya Utara,Kembangan,,,,Sedang Dipinjam,Dikonfirmasi & diambil oleh peminjam — Admin Arsip,2026-06-12 09:06:35.679253+00,2026-06-12 09:09:27.108+00,admin,2026-06-12 09:06:35.679253+00,2026-06-12 09:09:27.110465+00,register,Admin Arsip,2026-06-12 09:09:27.108+00,,,BT,
1006bf67-f59d-4e1a-8e22-5e807cf9f6cc,REG-2026-54785,PHP — SARAYA,admin@gmail.com,SKPT,497,HGB,Meruya Utara,Kembangan,,,,Sedang Dipinjam,Dikonfirmasi & diambil oleh peminjam — Admin Arsip,2026-06-12 09:06:35.679253+00,2026-06-12 09:09:27.331+00,admin,2026-06-12 09:06:35.679253+00,2026-06-12 09:09:27.333089+00,register,Admin Arsip,2026-06-12 09:09:27.331+00,,,BT,
1012ad29-80e4-42f2-a2bb-2ddf3e8bde45,REG-2026-54786,PHP — SARAYA,admin@gmail.com,SKPT,2307,HGB,Meruya Selatan,Kembangan,,,,Sudah Dikembalikan,Dikonfirmasi & diambil oleh peminjam — Admin Arsip,2026-06-12 09:06:35.679253+00,2026-06-17 06:47:03.872+00,admin,2026-06-12 09:06:35.679253+00,2026-06-17 06:47:03.869557+00,register,Admin Arsip,2026-06-12 09:09:27.389+00,,,BT,
f8a1ed78-1310-40a8-90c8-c352a4950000,REG-2026-54787,PHP — SARAYA,admin@gmail.com,SKPT,5970,HGB,Kembangan Utara,Kembangan,,,,Sedang Dipinjam,Dikonfirmasi & diambil oleh peminjam — Admin Arsip,2026-06-12 09:06:35.679253+00,2026-06-12 09:09:27.478+00,admin,2026-06-12 09:06:35.679253+00,2026-06-12 09:09:27.479864+00,register,Admin Arsip,2026-06-12 09:09:27.478+00,,,BT,
1385859b-b653-4a11-b1bf-88eab9c06855,REG-2026-54788,PHP — SARAYA,admin@gmail.com,SKPT,4219,HM,Kebon Jeruk,Kebon Jeruk,,,,Sedang Dipinjam,Dikonfirmasi & diambil oleh peminjam — Admin Arsip,2026-06-12 09:06:35.679253+00,2026-06-12 09:09:27.537+00,admin,2026-06-12 09:06:35.679253+00,2026-06-12 09:09:27.537125+00,register,Admin Arsip,2026-06-12 09:09:27.537+00,,,BT,
25f7b6a6-7f93-4905-9097-2af84c1cc543,REG-2026-54789,PHP — SARAYA,admin@gmail.com,SKPT,4218,HM,Kebon Jeruk,Kebon Jeruk,,,,Sedang Dipinjam,Dikonfirmasi & diambil oleh peminjam — Admin Arsip,2026-06-12 09:06:35.679253+00,2026-06-12 09:09:27.589+00,admin,2026-06-12 09:06:35.679253+00,2026-06-12 09:09:27.591634+00,register,Admin Arsip,2026-06-12 09:09:27.589+00,,,BT,
36b71bf6-9ea5-4ab4-8f0f-5ceb62a74ab9,REG-2026-69210,PHP — ESTI,admin@gmail.com,cek warkah,-,-,Tanjung Duren Selatan,Grogol Petamburan,,5448/2026,,Sedang Dipinjam,Dikonfirmasi & diambil oleh peminjam — Agus Ajat,2026-06-12 09:12:47.095681+00,2026-06-17 03:10:00.366+00,admin,2026-06-12 09:12:47.095681+00,2026-06-17 03:10:00.373715+00,register,Agus Ajat,2026-06-17 03:10:00.366+00,,,Warkah,
e122b16f-6086-4f08-bc03-c54c00e0dc64,REG-2026-86890,PHP — DANANG,admin@gmail.com,VALIDASI / ALIH MEDIA,12557,HM,Kalideres,Kalideres,,,,Sedang Dipinjam,Dikonfirmasi & diambil oleh peminjam — Admin Arsip,2026-06-12 09:17:58.86871+00,2026-06-12 09:18:21.86+00,admin,2026-06-12 09:17:58.86871+00,2026-06-12 09:18:21.863899+00,register,Admin Arsip,2026-06-12 09:18:21.86+00,,,BT,
4473e33c-68de-420f-ab6e-f0fb6dc628e4,REG-2026-29770,KUASA — LOKET ENO,admin@gmail.com,PENDAFTARAN SK,2644,HGB,Roa Malaka,Tambora,,,,Sedang Dipinjam,Dikonfirmasi & diambil oleh peminjam — Admin Arsip,2026-06-12 09:20:23.1618+00,2026-06-12 09:26:41.313+00,admin,2026-06-12 09:20:23.1618+00,2026-06-12 09:26:41.351868+00,register,Admin Arsip,2026-06-12 09:26:41.313+00,,,BT,
f77635b4-d9e7-46ec-961d-3dd19cfc114f,REG-2026-14250,PHP — ANGGA,admin@gmail.com,PENGHAPUSAN BPHTB,12348,HM,Meruya Utara,Kembangan,,,,Sedang Dipinjam,Dikonfirmasi & diambil oleh peminjam — Admin Arsip,2026-06-12 09:23:51.937354+00,2026-06-12 09:26:16.997+00,admin,2026-06-12 09:23:51.937354+00,2026-06-12 09:26:17.011317+00,register,Admin Arsip,2026-06-12 09:26:16.997+00,,,BT,
982d817a-3bf5-4ad2-b092-eb4c3a4d73c7,REG-2026-14251,PHP — ANGGA,admin@gmail.com,PENGHAPUSAN BPHTB,2058,HGB,Tangki,Taman Sari,,,,Sedang Dipinjam,Dikonfirmasi & diambil oleh peminjam — Admin Arsip,2026-06-12 09:23:51.937354+00,2026-06-12 09:26:17.055+00,admin,2026-06-12 09:23:51.937354+00,2026-06-12 09:26:17.068563+00,register,Admin Arsip,2026-06-12 09:26:17.055+00,,,BT,
4d91eb12-85a3-4adc-8ed7-5fd9f1d6211c,REG-2026-69040,PHP — YUNIZA (26132/2026),kuasa@gmail.com,PERMOHONAN SK,805,HGB,Kedoya Selatan,Kebon Jeruk,,,,Sedang Dipinjam,Dikonfirmasi & diambil oleh peminjam — Agus Ajat,2026-06-12 10:47:27.370473+00,2026-06-15 02:04:48.884+00,kuasa,2026-06-12 10:47:27.370473+00,2026-06-15 02:04:48.875693+00,register,Agus Ajat,2026-06-15 02:04:48.884+00,,,BT,
8f1bc303-1458-4256-959b-4ce8e3895c72,REG-2026-40770,KUASA — RIA OKTAVIANTI,kuasa@gmail.com,SERTIFIKAT LAMA,1570,HM,Duri Selatan,Tambora,,,,Sedang Dipinjam,Dikonfirmasi & diambil oleh peminjam — Agus Ajat,2026-06-12 11:21:14.080408+00,2026-06-15 02:04:48.831+00,kuasa,2026-06-12 11:21:14.080408+00,2026-06-15 02:04:48.823954+00,register,Agus Ajat,2026-06-15 02:04:48.831+00,,,BT,
19cabf34-b5f9-46a9-953f-df1dce242ea1,REG-2026-84150,KUASA — RIA OKTAVIANTI,kuasa@gmail.com,PERPANJANGAN SARUSUN,8925,HMSRS,Tanjung Duren Selatan,Grogol Petamburan,,,,Sedang Dipinjam,Dikonfirmasi & diambil oleh peminjam — Agus Ajat,2026-06-12 11:22:28.790189+00,2026-06-15 02:04:48.774+00,kuasa,2026-06-12 11:22:28.790189+00,2026-06-15 02:04:48.770998+00,register,Agus Ajat,2026-06-15 02:04:48.774+00,,,BT,
eba25c59-42cb-4511-aa92-144a1a88d14a,REG-2026-84151,KUASA — RIA OKTAVIANTI,kuasa@gmail.com,PERPANJANGAN SARUSUN,12408,HMSRS,Tanjung Duren Selatan,Grogol Petamburan,,,,Sedang Dipinjam,Dikonfirmasi & diambil oleh peminjam — Agus Ajat,2026-06-12 11:22:28.790189+00,2026-06-15 02:04:48.723+00,kuasa,2026-06-12 11:22:28.790189+00,2026-06-15 02:04:48.715262+00,register,Agus Ajat,2026-06-15 02:04:48.723+00,,,BT,
6cdbea40-a418-4364-89e1-5e42ef303b33,REG-2026-40360,KUASA — RIA OKTAVIANTI,kuasa@gmail.com,PERUBAHAN HAK,6557,HGB,Kalideres,Kalideres,,,,Sedang Dipinjam,Dikonfirmasi & diambil oleh peminjam — Agus Ajat,2026-06-12 11:24:04.044937+00,2026-06-15 02:04:48.675+00,kuasa,2026-06-12 11:24:04.044937+00,2026-06-15 02:04:48.665705+00,register,Agus Ajat,2026-06-15 02:04:48.675+00,,,BT,
bdaaffc3-ba5a-42b9-9f3b-ec9380678a15,REG-2026-40361,KUASA — RIA OKTAVIANTI,kuasa@gmail.com,PERUBAHAN HAK,7296,HGB,Cengkareng Timur,Cengkareng,,,,Sedang Dipinjam,Dikonfirmasi & diambil oleh peminjam — Agus Ajat,2026-06-12 11:24:04.044937+00,2026-06-15 02:04:48.621+00,kuasa,2026-06-12 11:24:04.044937+00,2026-06-15 02:04:48.617236+00,register,Agus Ajat,2026-06-15 02:04:48.621+00,,,BT,
82e2964e-d6d3-4aec-b45a-385c82d8a2dc,REG-2026-40362,KUASA — RIA OKTAVIANTI,kuasa@gmail.com,PERUBAHAN HAK,1806,HGB,Keagungan,Taman Sari,,,,Sedang Dipinjam,Dikonfirmasi & diambil oleh peminjam — Agus Ajat,2026-06-12 11:24:04.044937+00,2026-06-15 02:04:48.571+00,kuasa,2026-06-12 11:24:04.044937+00,2026-06-15 02:04:48.563638+00,register,Agus Ajat,2026-06-15 02:04:48.571+00,,,BT,
411e26bf-b2da-4432-99ed-ba216031487b,REG-2026-16160,KUASA — RIA OKTAVIANTI,kuasa@gmail.com,PERALIHAN HAK WARIS,3321,HM,Tomang,Grogol Petamburan,,,,Sedang Dipinjam,Dikonfirmasi & diambil oleh peminjam — Agus Ajat,2026-06-12 11:25:41.627588+00,2026-06-15 02:04:48.518+00,kuasa,2026-06-12 11:25:41.627588+00,2026-06-15 02:04:48.510352+00,register,Agus Ajat,2026-06-15 02:04:48.518+00,,,BT,
fde0ae82-9e92-4b00-9b9a-15d86c352ff7,REG-2026-16161,KUASA — RIA OKTAVIANTI,kuasa@gmail.com,PERALIHAN HAK WARIS,14774,HM,Semanan,Kalideres,,,,Sedang Dipinjam,Dikonfirmasi & diambil oleh peminjam — Agus Ajat,2026-06-12 11:25:41.627588+00,2026-06-15 02:04:48.462+00,kuasa,2026-06-12 11:25:41.627588+00,2026-06-15 02:04:48.454061+00,register,Agus Ajat,2026-06-15 02:04:48.462+00,,,BT,
4ba15370-8a60-443d-be86-2eb47e890222,REG-2026-16162,KUASA — RIA OKTAVIANTI,kuasa@gmail.com,PERALIHAN HAK WARIS,10630,HM,Semanan,Kalideres,,,,Sedang Dipinjam,Dikonfirmasi & diambil oleh peminjam — Agus Ajat,2026-06-12 11:25:41.627588+00,2026-06-15 02:04:48.394+00,kuasa,2026-06-12 11:25:41.627588+00,2026-06-15 02:04:48.388296+00,register,Agus Ajat,2026-06-15 02:04:48.394+00,,,BT,
7bbe7a69-01fe-4dce-a9f2-b4481ba31c64,REG-2026-89040,KUASA — RIA OKTAVIANTI,kuasa@gmail.com,PERALIHAN HAK WARIS,1940,HM,Cengkareng Timur,Cengkareng,,,,Sedang Dipinjam,Dikonfirmasi & diambil oleh peminjam — Agus Ajat,2026-06-12 11:26:28.907524+00,2026-06-15 02:04:48.336+00,kuasa,2026-06-12 11:26:28.907524+00,2026-06-15 02:04:48.327208+00,register,Agus Ajat,2026-06-15 02:04:48.336+00,,,BT,
10ebce30-010c-4b2e-a5bb-47c3f6c64195,REG-2026-41350,KUASA — RIA OKTAVIANTI,kuasa@gmail.com,PERALIHAN HAK HIBAH,6908,HM,Pegadungan,Kalideres,,,,Sedang Dipinjam,Dikonfirmasi & diambil oleh peminjam — Agus Ajat,2026-06-12 11:28:04.153216+00,2026-06-15 02:04:48.185+00,kuasa,2026-06-12 11:28:04.153216+00,2026-06-15 02:04:48.176913+00,register,Agus Ajat,2026-06-15 02:04:48.185+00,,,BT,
008563b6-bea6-42ce-9168-7fe812f34bd5,REG-2026-41351,KUASA — RIA OKTAVIANTI,kuasa@gmail.com,PERALIHAN HAK HIBAH,676,HM,Duri Selatan,Tambora,,,,Sedang Dipinjam,Dikonfirmasi & diambil oleh peminjam — Agus Ajat,2026-06-12 11:28:04.153216+00,2026-06-15 02:04:48.13+00,kuasa,2026-06-12 11:28:04.153216+00,2026-06-15 02:04:48.127704+00,register,Agus Ajat,2026-06-15 02:04:48.13+00,,,BT,
4d07ed2c-8206-414e-b86a-1b18d0d42794,REG-2026-41352,KUASA — RIA OKTAVIANTI,kuasa@gmail.com,PERALIHAN HAK HIBAH,3451,HM,Jelambar Baru,Grogol Petamburan,,,,Sedang Dipinjam,Dikonfirmasi & diambil oleh peminjam — Agus Ajat,2026-06-12 11:28:04.153216+00,2026-06-15 02:04:48.235+00,kuasa,2026-06-12 11:28:04.153216+00,2026-06-15 02:04:48.226193+00,register,Agus Ajat,2026-06-15 02:04:48.235+00,,,BT,
0634f3b3-8ba6-42ce-9084-6bedee5c855a,REG-2026-41353,KUASA — RIA OKTAVIANTI,kuasa@gmail.com,PERALIHAN HAK HIBAH,2301,HM,Kapuk,Cengkareng,,,,Sedang Dipinjam,Dikonfirmasi & diambil oleh peminjam — Agus Ajat,2026-06-12 11:28:04.153216+00,2026-06-15 02:04:48.283+00,kuasa,2026-06-12 11:28:04.153216+00,2026-06-15 02:04:48.274838+00,register,Agus Ajat,2026-06-15 02:04:48.283+00,,,BT,
0e183e0e-cb10-4f0c-b3fa-e2ff03e0deba,REG-2026-33760,PHP — ULFA,ajat@gmail.com,HAPUS HAK,5714,HM,Pegadungan,Kalideres,,,,Sedang Dipinjam,Dikonfirmasi & diambil oleh peminjam — Agus Ajat,2026-06-12 11:35:44.783799+00,2026-06-15 02:04:48.074+00,agusajat,2026-06-12 11:35:44.783799+00,2026-06-15 02:04:48.067215+00,register,Agus Ajat,2026-06-15 02:04:48.074+00,,,BT,
ef154c9e-9f71-4ea0-bd7b-9b5f6c523750,REG-2026-43380,PHP — KURTADI,ajat@gmail.com,QIUCY,2331,HGB,Roa Malaka,Tambora,,,,Sedang Dipinjam,Dikonfirmasi & diambil oleh peminjam — Agus Ajat,2026-06-12 11:38:05.328144+00,2026-06-15 02:04:48.02+00,agusajat,2026-06-12 11:38:05.328144+00,2026-06-15 02:04:48.01025+00,register,Agus Ajat,2026-06-15 02:04:48.02+00,,,BT,
a6938952-2292-48a4-ac79-ab569cdcb257,REG-2026-72550,PHP — SRI KUNTADI (8588/2026),kuasa@gmail.com,PERMOHONAN SK,39,HGB,Tanah Sereal,Tambora,,,,Sedang Dipinjam,Dikonfirmasi & diambil oleh peminjam — Agus Ajat,2026-06-12 12:45:57.523133+00,2026-06-15 02:04:47.836+00,kuasa,2026-06-12 12:45:57.523133+00,2026-06-15 02:04:47.867967+00,register,Agus Ajat,2026-06-15 02:04:47.836+00,,,BT,
d912b7dc-2a22-4572-af82-0cfa530c515e,REG-2026-57940,KUASA — LOKET RIKI,ajat@gmail.com,PEMECAHAN BIDANG,7247,HM,Kebon Jeruk,Kebon Jeruk,,,,Sedang Dipinjam,Dikonfirmasi & diambil oleh peminjam — Agus Ajat,2026-06-15 02:09:44.223554+00,2026-06-15 02:10:16.255+00,agusajat,2026-06-15 02:09:44.223554+00,2026-06-15 02:10:16.261053+00,register,Agus Ajat,2026-06-15 02:10:16.255+00,,,BT,
d523402f-d1d5-4ab2-818a-7edcc6d57ad7,REG-2026-57941,KUASA — LOKET RIKI,ajat@gmail.com,PEMECAHAN BIDANG,12283,HM,Kalideres,Kalideres,,,,Sedang Dipinjam,Dikonfirmasi & diambil oleh peminjam — Agus Ajat,2026-06-15 02:09:44.223554+00,2026-06-15 02:10:16.332+00,agusajat,2026-06-15 02:09:44.223554+00,2026-06-15 02:10:16.318201+00,register,Agus Ajat,2026-06-15 02:10:16.332+00,,,BT,
01f8552d-c533-4467-9f93-efc752c8e819,REG-2026-40010,PHP — Saraya,php@gmail.com,SKPT,481,HGB,Mangga Besar,Taman Sari,,,,Sudah Dikembalikan,Dikonfirmasi & diambil oleh peminjam — Agus Ajat,2026-06-15 02:15:55.316219+00,2026-06-18 07:57:51.329+00,php,2026-06-15 02:15:55.316219+00,2026-06-18 07:57:51.364205+00,register,Agus Ajat,2026-06-15 03:25:46.972+00,,,,
71b14d1f-3bc2-4dde-a73a-55cfc6aec69c,REG-2026-40011,PHP — Saraya,php@gmail.com,SKPT,15092,HM,Duri Kosambi,Cengkareng,,,,Sudah Dikembalikan,Dikonfirmasi & diambil oleh peminjam — Agus Ajat,2026-06-15 02:15:55.316219+00,2026-06-18 07:56:57.171+00,php,2026-06-15 02:15:55.316219+00,2026-06-18 07:56:57.208653+00,register,Agus Ajat,2026-06-15 03:25:46.765+00,,,,
9a5da783-384e-42c9-a3a7-dcfa57126693,REG-2026-40012,PHP — Saraya,php@gmail.com,SKPT,2288,HM,Duri Kosambi,Cengkareng,,,,Sudah Dikembalikan,Dikonfirmasi & diambil oleh peminjam — Agus Ajat,2026-06-15 02:15:55.316219+00,2026-06-18 07:58:03.369+00,php,2026-06-15 02:15:55.316219+00,2026-06-18 07:58:03.407618+00,register,Agus Ajat,2026-06-15 03:25:47.033+00,,,,
b86f2cb5-e0c2-4626-aa0a-b361e0a9d84f,REG-2026-40013,PHP — Saraya,php@gmail.com,SKPT,9716,HM,Srengseng,Kembangan,,,,Sudah Dikembalikan,Dikonfirmasi & diambil oleh peminjam — Agus Ajat,2026-06-15 02:15:55.316219+00,2026-06-18 07:57:40.073+00,php,2026-06-15 02:15:55.316219+00,2026-06-18 07:57:40.105801+00,register,Agus Ajat,2026-06-15 03:25:46.916+00,,,,
16ac01e2-10f5-42ed-8a5b-541be73a6190,REG-2026-40014,PHP — Saraya,php@gmail.com,SKPT,12482,HGB,Cengkareng Timur,Cengkareng,,,,Sudah Dikembalikan,Dikonfirmasi & diambil oleh peminjam — Agus Ajat,2026-06-15 02:15:55.316219+00,2026-06-18 07:57:12.754+00,php,2026-06-15 02:15:55.316219+00,2026-06-18 07:57:12.797791+00,register,Agus Ajat,2026-06-15 03:25:46.813+00,,,,
00342e81-2a76-441f-8481-e67db4bb7c02,REG-2026-40015,PHP — Saraya,php@gmail.com,SKPT,12483,HGB,Cengkareng Timur,Cengkareng,,,,Sudah Dikembalikan,Dikonfirmasi & diambil oleh peminjam — Agus Ajat,2026-06-15 02:15:55.316219+00,2026-06-18 07:56:40.942+00,php,2026-06-15 02:15:55.316219+00,2026-06-18 07:56:40.983752+00,register,Agus Ajat,2026-06-15 03:25:46.864+00,,,,
3e4f1b15-fb1d-422b-bd87-3cb37093d247,REG-2026-72970,PRIORITAS — DANNY,prioritas@gmail.com,ROYA,6014,HM,Semanan,Kalideres,,,9026/2008; 10574/2015;9564/2016,Sedang Dipinjam,Dikonfirmasi & diambil oleh peminjam — Agus Ajat,2026-06-15 02:21:25.574511+00,2026-06-15 02:40:20.024+00,prioritas,2026-06-15 02:21:25.574511+00,2026-06-15 02:40:20.069664+00,register,Agus Ajat,2026-06-15 02:40:20.024+00,,,BT & HT,
24537189-a04e-4312-97fd-767c37105d94,REG-2026-45960,PHP — Fiona,php@gmail.com,PENDAFTARAN SK,09129,HGB,Kalideres,Kalideres,,,,Sedang Dipinjam,Dikonfirmasi & diambil oleh peminjam — Agus Ajat,2026-06-15 02:28:45.918412+00,2026-06-15 03:25:46.716+00,php,2026-06-15 02:28:45.918412+00,2026-06-15 03:25:46.752355+00,register,Agus Ajat,2026-06-15 03:25:46.716+00,,,BT,
ed719322-cca0-4a6f-ac8e-4f2683d23c2f,REG-2026-25240,PHP — ERIKA (21663/2026),kuasa@gmail.com,PERMOHONAN SK,9666,HGB,Kalideres,Kalideres,,,,Sedang Dipinjam,Dikonfirmasi & diambil oleh peminjam — Agus Ajat,2026-06-15 03:00:02.545517+00,2026-06-15 03:57:59.071+00,kuasa,2026-06-15 03:00:02.545517+00,2026-06-15 03:57:59.069365+00,register,Agus Ajat,2026-06-15 03:57:59.071+00,,,BT,
dba13795-95d5-46c6-984b-bdc6a2384f70,REG-2026-86680,PHP — ERIKA (21664/2026),kuasa@gmail.com,PERMOHONAN SK,9547,HGB,Kalideres,Kalideres,,,,Sedang Dipinjam,Dikonfirmasi & diambil oleh peminjam — Agus Ajat,2026-06-15 03:04:48.684401+00,2026-06-15 03:57:59.018+00,kuasa,2026-06-15 03:04:48.684401+00,2026-06-15 03:57:59.017473+00,register,Agus Ajat,2026-06-15 03:57:59.018+00,,,BT,
5e9b811d-2da0-4301-86bf-26037e87face,REG-2026-31500,PHP — ERIKA (21642/2026),kuasa@gmail.com,PERMOHONAN SK,9761,HGB,Kalideres,Kalideres,,,,Sedang Dipinjam,Dikonfirmasi & diambil oleh peminjam — Agus Ajat,2026-06-15 03:05:53.512965+00,2026-06-15 03:57:58.966+00,kuasa,2026-06-15 03:05:53.512965+00,2026-06-15 03:57:58.965855+00,register,Agus Ajat,2026-06-15 03:57:58.966+00,,,BT,
d27237a9-3ddf-4b7f-95c4-7761387228e7,REG-2026-38320,PHP — SRI KUNTADI (34702/2026),kuasa@gmail.com,PERMOHONAN SK,6753,HGB,Kalideres,Kalideres,,,,Sedang Dipinjam,Dikonfirmasi & diambil oleh peminjam — Agus Ajat,2026-06-15 03:09:13.877249+00,2026-06-15 03:25:46.67+00,kuasa,2026-06-15 03:09:13.877249+00,2026-06-15 03:25:46.704774+00,register,Agus Ajat,2026-06-15 03:25:46.67+00,,,BT,
79df7991-cd65-4ece-904c-465ebe9278bf,REG-2026-93590,PHP — SRI KUNTADI (34676/2026),kuasa@gmail.com,PERMOHONAN SK,6772,HGB,Kalideres,Kalideres,,,,Sedang Dipinjam,Dikonfirmasi & diambil oleh peminjam — Agus Ajat,2026-06-15 03:10:39.388183+00,2026-06-15 03:25:46.621+00,kuasa,2026-06-15 03:10:39.388183+00,2026-06-15 03:25:46.65811+00,register,Agus Ajat,2026-06-15 03:25:46.621+00,,,BT,
637e90e0-3b47-4c7d-9c6f-be17f628e4d7,REG-2026-94760,PHP — SRI KUNTADI (34699/2026),kuasa@gmail.com,PERMOHONAN SK,6765,HGB,Kalideres,Kalideres,,,,Sedang Dipinjam,Dikonfirmasi & diambil oleh peminjam — Agus Ajat,2026-06-15 03:13:59.519213+00,2026-06-15 03:25:46.566+00,kuasa,2026-06-15 03:13:59.519213+00,2026-06-15 03:25:46.601338+00,register,Agus Ajat,2026-06-15 03:25:46.566+00,,,BT,
a858d340-0368-426f-814d-bd7a0842e540,REG-2026-99310,PHP — SRI KUNTADI (34705/2026),kuasa@gmail.com,PERMOHONAN SK,6736,HGB,Kalideres,Kalideres,,,,Sedang Dipinjam,Dikonfirmasi & diambil oleh peminjam — Agus Ajat,2026-06-15 03:14:39.97028+00,2026-06-15 03:25:46.507+00,kuasa,2026-06-15 03:14:39.97028+00,2026-06-15 03:25:46.545502+00,register,Agus Ajat,2026-06-15 03:25:46.507+00,,,BT,
10af36c0-c907-4c59-88b3-32ba74b3d0b0,REG-2026-69710,PHP — SRI KUNTADI (34706/2026),kuasa@gmail.com,PERMOHONAN SK,6831,HGB,Kalideres,Kalideres,,,,Sedang Dipinjam,Dikonfirmasi & diambil oleh peminjam — Agus Ajat,2026-06-15 03:15:17.016157+00,2026-06-15 03:25:46.41+00,kuasa,2026-06-15 03:15:17.016157+00,2026-06-15 03:25:46.463799+00,register,Agus Ajat,2026-06-15 03:25:46.41+00,,,BT,
edcdf006-822b-4c0a-856b-1679f476ef39,REG-2026-05460,KUASA — ANDRE,ajat@gmail.com,PERALIHAN HAK WARIS,4810,HGB,Kapuk,Cengkareng,,,,Sedang Dipinjam,Dikonfirmasi & diambil oleh peminjam — Agus Ajat,2026-06-15 03:38:28.82933+00,2026-06-15 03:57:58.851+00,agusajat,2026-06-15 03:38:28.82933+00,2026-06-15 03:57:58.864793+00,register,Agus Ajat,2026-06-15 03:57:58.851+00,,,BT,
98dbcb18-0457-4424-9c93-7613ecf9b57e,REG-2026-87460,KUASA — ARIF,kuasa@gmail.com,PERALIHAN HAK JUAL BELI,01253,HM,Sukabumi Utara,Kebon Jeruk,,,,Sedang Dipinjam,Dikonfirmasi & diambil oleh peminjam — Agus Ajat,2026-06-15 03:44:39.155736+00,2026-06-15 04:55:52.979+00,kuasa,2026-06-15 03:44:39.155736+00,2026-06-15 04:55:52.990019+00,register,Agus Ajat,2026-06-15 04:55:52.979+00,,,BT,
0281de53-39ee-40cc-bdac-e5d41e948f2d,REG-2026-87461,KUASA — ARIF,kuasa@gmail.com,PERALIHAN HAK JUAL BELI,10210,HM,Duri Kepa,Kebon Jeruk,,,,Sedang Dipinjam,Dikonfirmasi & diambil oleh peminjam — Agus Ajat,2026-06-15 03:44:39.155736+00,2026-06-15 04:55:53.029+00,kuasa,2026-06-15 03:44:39.155736+00,2026-06-15 04:55:53.041535+00,register,Agus Ajat,2026-06-15 04:55:53.029+00,,,BT,
7ece37cf-fd88-4b6d-b26c-e6838a8b3664,REG-2026-87462,KUASA — ARIF,kuasa@gmail.com,PERALIHAN HAK JUAL BELI,04429,HM,Tomang,Grogol Petamburan,,,,Sedang Dipinjam,Dikonfirmasi & diambil oleh peminjam — Agus Ajat,2026-06-15 03:44:39.155736+00,2026-06-15 04:55:53.079+00,kuasa,2026-06-15 03:44:39.155736+00,2026-06-15 04:55:53.092831+00,register,Agus Ajat,2026-06-15 04:55:53.079+00,,,BT,
eceed067-eaab-47b0-bb1a-0132d91cd555,REG-2026-58110,PHP — Fiona,php@gmail.com,PENDAFTARAN SK,17,HGB,Kedaung Kali Angke,Cengkareng,,,,Sedang Dipinjam,Dikonfirmasi & diambil oleh peminjam — Agus Ajat,2026-06-15 03:47:57.255751+00,2026-06-15 04:31:51.443+00,php,2026-06-15 03:47:57.255751+00,2026-06-15 04:31:51.474282+00,register,Agus Ajat,2026-06-15 04:31:51.443+00,,,BT,
2213739d-6b2d-40ff-a50f-9b1fb3d95524,REG-2026-58111,PHP — Fiona,php@gmail.com,PENDAFTARAN SK,09011,HGB,Tegal Alur,Kalideres,,,,Sedang Dipinjam,Dikonfirmasi & diambil oleh peminjam — Agus Ajat,2026-06-15 03:47:57.255751+00,2026-06-15 04:31:51.493+00,php,2026-06-15 03:47:57.255751+00,2026-06-15 04:31:51.523381+00,register,Agus Ajat,2026-06-15 04:31:51.493+00,,,BT,
2f86d8d4-1c33-4c77-8970-dc87709923ad,REG-2026-58112,PHP — Fiona,php@gmail.com,PENDAFTARAN SK,7175,HGB,Tegal Alur,Kalideres,,,,Sedang Dipinjam,Dikonfirmasi & diambil oleh peminjam — Agus Ajat,2026-06-15 03:47:57.255751+00,2026-06-15 04:31:51.541+00,php,2026-06-15 03:47:57.255751+00,2026-06-15 04:31:51.574154+00,register,Agus Ajat,2026-06-15 04:31:51.541+00,,,BT,
dcdb90e7-c284-446c-8471-1c0872ef424b,REG-2026-58113,PHP — Fiona,php@gmail.com,PENDAFTARAN SK,13023,HGB,Pegadungan,Kalideres,,,,Sedang Dipinjam,Dikonfirmasi & diambil oleh peminjam — Agus Ajat,2026-06-15 03:47:57.255751+00,2026-06-15 04:31:51.591+00,php,2026-06-15 03:47:57.255751+00,2026-06-15 04:31:51.621638+00,register,Agus Ajat,2026-06-15 04:31:51.591+00,,,BT,
98fef6fa-101e-4d23-ac6a-35d66f15c440,REG-2026-45240,PHP — YUNIZA (26119/2026),kuasa@gmail.com,PERMOHONAN SK,804,HGB,Kedoya Selatan,Kebon Jeruk,,,,Sedang Dipinjam,Dikonfirmasi & diambil oleh peminjam — Agus Ajat,2026-06-15 03:51:25.645469+00,2026-06-15 04:19:24.226+00,kuasa,2026-06-15 03:51:25.645469+00,2026-06-15 04:19:24.253941+00,register,Agus Ajat,2026-06-15 04:19:24.226+00,,,BT,
6739adae-00f6-48da-ba05-a703400b8893,REG-2026-60000,KUASA — ARIF,kuasa@gmail.com,PERALIHAN HAK JUAL BELI,01970,HM,Pekojan,Tambora,,,,Sedang Dipinjam,Dikonfirmasi & diambil oleh peminjam — Agus Ajat,2026-06-15 03:53:36.045754+00,2026-06-15 04:55:52.573+00,kuasa,2026-06-15 03:53:36.045754+00,2026-06-15 04:55:52.583752+00,register,Agus Ajat,2026-06-15 04:55:52.573+00,,,BT,
ffc588f2-1ddb-4f79-9dba-608a738dde74,REG-2026-60001,KUASA — ARIF,kuasa@gmail.com,PERALIHAN HAK JUAL BELI,00202,HMSRS,Kelapa Dua,Kebon Jeruk,,,,Sedang Dipinjam,Dikonfirmasi & diambil oleh peminjam — Agus Ajat,2026-06-15 03:53:36.045754+00,2026-06-15 04:55:52.467+00,kuasa,2026-06-15 03:53:36.045754+00,2026-06-15 04:55:52.493429+00,register,Agus Ajat,2026-06-15 04:55:52.467+00,,,BT,
7786ea40-2999-474d-90c4-02d53c4c754d,REG-2026-60002,KUASA — ARIF,kuasa@gmail.com,PERALIHAN HAK JUAL BELI,4311,HMSRS,Tanjung Duren Utara,Grogol Petamburan,,,,Sedang Dipinjam,Dikonfirmasi & diambil oleh peminjam — Agus Ajat,2026-06-15 03:53:36.045754+00,2026-06-15 04:55:52.624+00,kuasa,2026-06-15 03:53:36.045754+00,2026-06-15 04:55:52.635923+00,register,Agus Ajat,2026-06-15 04:55:52.624+00,,,BT,
c3be5b6e-8edc-4707-aa0f-eafc01d7adec,REG-2026-60003,KUASA — ARIF,kuasa@gmail.com,PERALIHAN HAK JUAL BELI,01075,HM,Tegal Alur,Kalideres,,,,Sedang Dipinjam,Dikonfirmasi & diambil oleh peminjam — Agus Ajat,2026-06-15 03:53:36.045754+00,2026-06-15 04:55:52.927+00,kuasa,2026-06-15 03:53:36.045754+00,2026-06-15 04:55:52.939739+00,register,Agus Ajat,2026-06-15 04:55:52.927+00,,,BT,
5acdd68b-7bce-4b02-a8d9-161fbacb8bd0,REG-2026-60004,KUASA — ARIF,kuasa@gmail.com,PERALIHAN HAK JUAL BELI,01073,HM,Tegal Alur,Kalideres,,,,Sedang Dipinjam,Dikonfirmasi & diambil oleh peminjam — Agus Ajat,2026-06-15 03:53:36.045754+00,2026-06-15 04:55:52.877+00,kuasa,2026-06-15 03:53:36.045754+00,2026-06-15 04:55:52.888819+00,register,Agus Ajat,2026-06-15 04:55:52.877+00,,,BT,
1513b584-e522-4279-8cb3-f00eeb707ea7,REG-2026-60005,KUASA — ARIF,kuasa@gmail.com,PERALIHAN HAK JUAL BELI,04494,HMSRS,Jembatan Besi,Tambora,,,,Sedang Dipinjam,Dikonfirmasi & diambil oleh peminjam — Agus Ajat,2026-06-15 03:53:36.045754+00,2026-06-15 04:55:52.723+00,kuasa,2026-06-15 03:53:36.045754+00,2026-06-15 04:55:52.736375+00,register,Agus Ajat,2026-06-15 04:55:52.723+00,,,BT,
3149bc72-22ea-4382-bd38-bad9f254ccfe,REG-2026-60006,KUASA — ARIF,kuasa@gmail.com,PERALIHAN HAK JUAL BELI,01964,HM,Pegadungan,Kalideres,,,,Sedang Dipinjam,Dikonfirmasi & diambil oleh peminjam — Agus Ajat,2026-06-15 03:53:36.045754+00,2026-06-15 04:55:52.825+00,kuasa,2026-06-15 03:53:36.045754+00,2026-06-15 04:55:52.835985+00,register,Agus Ajat,2026-06-15 04:55:52.825+00,,,BT,
53daae8c-923c-4187-95ee-1e3881a0f860,REG-2026-60007,KUASA — ARIF,kuasa@gmail.com,PERALIHAN HAK JUAL BELI,04326,HMSRS,Cengkareng Timur,Cengkareng,,,,Sedang Dipinjam,Dikonfirmasi & diambil oleh peminjam — Agus Ajat,2026-06-15 03:53:36.045754+00,2026-06-15 04:55:52.674+00,kuasa,2026-06-15 03:53:36.045754+00,2026-06-15 04:55:52.685513+00,register,Agus Ajat,2026-06-15 04:55:52.674+00,,,BT,
ad7a3db7-626a-4f49-b8ee-3f4d81060e70,REG-2026-60008,KUASA — ARIF,kuasa@gmail.com,PERALIHAN HAK JUAL BELI,08469,HM,Kapuk,Cengkareng,,,,Sedang Dipinjam,Dikonfirmasi & diambil oleh peminjam — Agus Ajat,2026-06-15 03:53:36.045754+00,2026-06-15 04:55:52.776+00,kuasa,2026-06-15 03:53:36.045754+00,2026-06-15 04:55:52.788011+00,register,Agus Ajat,2026-06-15 04:55:52.776+00,,,BT,
ab4e85d6-40b2-4b69-813f-8758ab259e04,REG-2026-94410,S P — LIKMANUDIN SUTIA,ajat@gmail.com,PERALIHAN HAK JUAL BELI,11250,HM,Kalideres,Kalideres,,,,Sedang Dipinjam,Dikonfirmasi & diambil oleh peminjam — Agus Ajat,2026-06-15 04:17:27.749538+00,2026-06-15 04:18:03.07+00,agusajat,2026-06-15 04:17:27.749538+00,2026-06-15 04:18:03.080809+00,register,Agus Ajat,2026-06-15 04:18:03.07+00,,,BT,
d3a66b15-7a33-490f-bbc1-18d09ba4df97,REG-2026-94411,S P — LIKMANUDIN SUTIA,ajat@gmail.com,PERALIHAN HAK JUAL BELI,3664,HM,Kalideres,Kalideres,,,,Sedang Dipinjam,Dikonfirmasi & diambil oleh peminjam — Agus Ajat,2026-06-15 04:17:27.749538+00,2026-06-15 04:18:03.128+00,agusajat,2026-06-15 04:17:27.749538+00,2026-06-15 04:18:03.139701+00,register,Agus Ajat,2026-06-15 04:18:03.128+00,,,BT,
30148945-a8b6-4b8d-9761-e4e426fb2b1a,REG-2026-94412,S P — LIKMANUDIN SUTIA,ajat@gmail.com,PERALIHAN HAK JUAL BELI,3650,HM,Kalideres,Kalideres,,,,Sedang Dipinjam,Dikonfirmasi & diambil oleh peminjam — Agus Ajat,2026-06-15 04:17:27.749538+00,2026-06-15 04:18:03.187+00,agusajat,2026-06-15 04:17:27.749538+00,2026-06-15 04:18:03.197403+00,register,Agus Ajat,2026-06-15 04:18:03.187+00,,,BT,
ddbff46e-78e3-4c7f-863e-241bd9c7ee04,REG-2026-94413,S P — LIKMANUDIN SUTIA,ajat@gmail.com,PERALIHAN HAK JUAL BELI,8152,HM,Cengkareng Timur,Cengkareng,,,,Sedang Dipinjam,Dikonfirmasi & diambil oleh peminjam — Agus Ajat,2026-06-15 04:17:27.749538+00,2026-06-15 04:18:03.015+00,agusajat,2026-06-15 04:17:27.749538+00,2026-06-15 04:18:03.024391+00,register,Agus Ajat,2026-06-15 04:18:03.015+00,,,BT,
77718453-8a5b-4663-9147-ff3b37039e08,REG-2026-24190,PHP — DANANG,ajat@gmail.com,VALIDASI / ALIH MEDIA,10374,HM,Rawa Buaya,Cengkareng,,,,Sedang Dipinjam,Dikonfirmasi & diambil oleh peminjam — Agus Ajat,2026-06-15 04:30:40.796963+00,2026-06-15 04:31:51.006+00,agusajat,2026-06-15 04:30:40.796963+00,2026-06-15 04:31:51.049512+00,register,Agus Ajat,2026-06-15 04:31:51.006+00,,,BT,
f88e5f7d-9a79-4891-aaac-c8249bcd14ff,REG-2026-24191,PHP — DANANG,ajat@gmail.com,VALIDASI / ALIH MEDIA,5994,HM,Kamal,Kalideres,,,,Sedang Dipinjam,Dikonfirmasi & diambil oleh peminjam — Agus Ajat,2026-06-15 04:30:40.796963+00,2026-06-15 04:31:51.091+00,agusajat,2026-06-15 04:30:40.796963+00,2026-06-15 04:31:51.12201+00,register,Agus Ajat,2026-06-15 04:31:51.091+00,,,BT,
5f2ea844-5a79-4a4d-a6b9-e0888f15a871,REG-2026-24192,PHP — DANANG,ajat@gmail.com,VALIDASI / ALIH MEDIA,268,HM,Sukabumi Utara,Kebon Jeruk,,,,Sedang Dipinjam,Dikonfirmasi & diambil oleh peminjam — Agus Ajat,2026-06-15 04:30:40.796963+00,2026-06-15 04:31:51.145+00,agusajat,2026-06-15 04:30:40.796963+00,2026-06-15 04:31:51.176322+00,register,Agus Ajat,2026-06-15 04:31:51.145+00,,,BT,
cab4c0b2-6dfa-453f-887d-7810f3151fe6,REG-2026-24193,PHP — DANANG,ajat@gmail.com,VALIDASI / ALIH MEDIA,1958,HM,Kebon Jeruk,Kebon Jeruk,,,,Sedang Dipinjam,Dikonfirmasi & diambil oleh peminjam — Agus Ajat,2026-06-15 04:30:40.796963+00,2026-06-15 04:31:51.197+00,agusajat,2026-06-15 04:30:40.796963+00,2026-06-15 04:31:51.234054+00,register,Agus Ajat,2026-06-15 04:31:51.197+00,,,BT,
46a6d633-9c26-42ab-b235-4d6a1f03fdca,REG-2026-24194,PHP — DANANG,ajat@gmail.com,VALIDASI / ALIH MEDIA,4044,HM,Srengseng,Kembangan,,,,Sedang Dipinjam,Dikonfirmasi & diambil oleh peminjam — Agus Ajat,2026-06-15 04:30:40.796963+00,2026-06-15 04:31:51.252+00,agusajat,2026-06-15 04:30:40.796963+00,2026-06-15 04:31:51.282274+00,register,Agus Ajat,2026-06-15 04:31:51.252+00,,,BT,
f8ff035e-cdbe-49f0-becd-557cff517b78,REG-2026-24195,PHP — DANANG,ajat@gmail.com,VALIDASI / ALIH MEDIA,8307,HM,Srengseng,Kembangan,,,,Sedang Dipinjam,Dikonfirmasi & diambil oleh peminjam — Agus Ajat,2026-06-15 04:30:40.796963+00,2026-06-15 04:31:51.301+00,agusajat,2026-06-15 04:30:40.796963+00,2026-06-15 04:31:51.330326+00,register,Agus Ajat,2026-06-15 04:31:51.301+00,,,BT,
2a285fff-0856-451e-93b7-566da5aa5367,REG-2026-24196,PHP — DANANG,ajat@gmail.com,VALIDASI / ALIH MEDIA,717,HM,Kelapa Dua,Kebon Jeruk,,,,Sedang Dipinjam,Dikonfirmasi & diambil oleh peminjam — Agus Ajat,2026-06-15 04:30:40.796963+00,2026-06-15 04:31:51.348+00,agusajat,2026-06-15 04:30:40.796963+00,2026-06-15 04:31:51.380223+00,register,Agus Ajat,2026-06-15 04:31:51.348+00,,,BT,
397582ab-6d17-49f3-8228-14291232b319,REG-2026-24197,PHP — DANANG,ajat@gmail.com,VALIDASI / ALIH MEDIA,13266,HM,Cengkareng Barat,Cengkareng,,,,Sedang Dipinjam,Dikonfirmasi & diambil oleh peminjam — Agus Ajat,2026-06-15 04:30:40.796963+00,2026-06-15 04:31:51.395+00,agusajat,2026-06-15 04:30:40.796963+00,2026-06-15 04:31:51.426928+00,register,Agus Ajat,2026-06-15 04:31:51.395+00,,,BT,
8491d2e6-32f7-4cc9-9d83-fee03e67d7d9,REG-2026-11970,PRIORITAS — Danny,prioritas@gmail.com,SKPT,00084,HP,Kamal,Kalideres,,,,Sedang Dipinjam,Dikonfirmasi & diambil oleh peminjam — Agus Ajat,2026-06-15 06:05:30.061478+00,2026-06-15 06:37:23.526+00,prioritas,2026-06-15 06:05:30.061478+00,2026-06-15 06:37:23.539679+00,register,Agus Ajat,2026-06-15 06:37:23.526+00,,,BT,
4c805bbe-703d-48c7-b92b-624e044a4c17,REG-2026-73760,PRIORITAS — DANNY,prioritas@gmail.com,PERALIHAN HAK WARIS,2039,HM,Kebon Jeruk,Kebon Jeruk,,,,Sedang Dipinjam,Dikonfirmasi & diambil oleh peminjam — Agus Ajat,2026-06-15 06:10:55.915623+00,2026-06-15 06:37:23.472+00,prioritas,2026-06-15 06:10:55.915623+00,2026-06-15 06:37:23.486079+00,register,Agus Ajat,2026-06-15 06:37:23.472+00,,,BT,
633a1e34-b485-48f1-a8a2-a1fc0373b7af,REG-2026-32290,PHP — Saraya,php@gmail.com,SKPT,2706,HGB,Roa Malaka,Tambora,,,,Sudah Dikembalikan,Dikonfirmasi & diambil oleh peminjam — Agus Ajat,2026-06-15 06:18:54.664068+00,2026-06-18 07:59:03.661+00,php,2026-06-15 06:18:54.664068+00,2026-06-18 07:59:03.697446+00,register,Agus Ajat,2026-06-15 08:39:42.206+00,,,BT,
34dcd6af-4cae-4688-9c07-c1fa1b520b32,REG-2026-32292,PHP — Saraya,php@gmail.com,SKPT,3402,HM,Duri Kosambi,Cengkareng,,,,Sudah Dikembalikan,Dikonfirmasi & diambil oleh peminjam — Agus Ajat,2026-06-15 06:18:54.664068+00,2026-06-18 07:58:24.686+00,php,2026-06-15 06:18:54.664068+00,2026-06-18 07:58:24.721488+00,register,Agus Ajat,2026-06-15 08:39:42.033+00,,,BT,
3f08cd29-dcaa-4ba5-bf08-527021e0ab95,REG-2026-32293,PHP — Saraya,php@gmail.com,SKPT,14012,HM,Kalideres,Kalideres,,,,Sudah Dikembalikan,Dikonfirmasi & diambil oleh peminjam — Agus Ajat,2026-06-15 06:18:54.664068+00,2026-06-18 07:58:49.251+00,php,2026-06-15 06:18:54.664068+00,2026-06-18 07:58:49.284034+00,register,Agus Ajat,2026-06-15 08:39:42.268+00,,,BT,
297918db-7149-4a35-9cca-459f4f609b93,REG-2026-32294,PHP — Saraya,php@gmail.com,SKPT,2591,HM,Kelapa Dua,Kebon Jeruk,,,,Sudah Dikembalikan,Dikonfirmasi & diambil oleh peminjam — Agus Ajat,2026-06-15 06:18:54.664068+00,2026-06-18 07:58:56.094+00,php,2026-06-15 06:18:54.664068+00,2026-06-18 07:58:56.130581+00,register,Agus Ajat,2026-06-15 08:39:42.329+00,,,BT,
25efcc77-8fd5-48f7-b56a-47cc6455f495,REG-2026-32295,PHP — Saraya,php@gmail.com,SKPT,130,HM,Kota Bambu Utara,Palmerah,,,,Sudah Dikembalikan,Dikonfirmasi & diambil oleh peminjam — Agus Ajat,2026-06-15 06:18:54.664068+00,2026-06-18 07:58:34.685+00,php,2026-06-15 06:18:54.664068+00,2026-06-18 07:58:34.718442+00,register,Agus Ajat,2026-06-15 08:39:42.093+00,,,BT,
b9311d0b-13f8-475d-abb4-fab929ea2c1d,REG-2026-32296,PHP — Saraya,php@gmail.com,SKPT,6969,HM,Kamal,Kalideres,,,,Sudah Dikembalikan,Dikonfirmasi & diambil oleh peminjam — Agus Ajat,2026-06-15 06:18:54.664068+00,2026-06-18 07:58:41.739+00,php,2026-06-15 06:18:54.664068+00,2026-06-18 07:58:41.769465+00,register,Agus Ajat,2026-06-15 08:39:42.151+00,,,BT,
89098f2d-c295-4456-81a0-d148eca7cc40,REG-2026-73940,PRIORITAS — DANNY,prioritas@gmail.com,ROYA,3244/XIV/TOWER A,HMSRS,Jembatan Besi,Tambora,,,1069/2018,Sedang Dipinjam,Dikonfirmasi & diambil oleh peminjam — Agus Ajat,2026-06-15 06:27:17.465779+00,2026-06-15 06:37:23.421+00,prioritas,2026-06-15 06:27:17.465779+00,2026-06-15 06:37:23.433895+00,register,Agus Ajat,2026-06-15 06:37:23.421+00,,,BT & HT,
c0bb88db-8bcc-4c00-8ee8-9ab55ecf5fb6,REG-2026-78340,PHP — WORO (35382/2026),kuasa@gmail.com,PERMOHONAN SK,3385 SISA,HGB,Kembangan Selatan,Kembangan,,,,Sedang Dipinjam,Dikonfirmasi & diambil oleh peminjam — Agus Ajat,2026-06-15 06:33:47.905829+00,2026-06-15 07:21:35.76+00,kuasa,2026-06-15 06:33:47.905829+00,2026-06-15 07:21:35.806263+00,register,Agus Ajat,2026-06-15 07:21:35.76+00,,,BT,
d75f44eb-c75d-4e32-ab5b-544789297b3c,REG-2026-21720,PHP — Angga,php@gmail.com,PENGHAPUSAN BPHTB,7252,HGB,Wijaya Kusuma,Grogol Petamburan,,,,Sedang Dipinjam,Dikonfirmasi & diambil oleh peminjam — Agus Ajat,2026-06-15 06:39:23.489958+00,2026-06-15 08:39:41.95+00,php,2026-06-15 06:39:23.489958+00,2026-06-15 08:39:42.004509+00,register,Agus Ajat,2026-06-15 08:39:41.95+00,,,BT,
df05a184-b10c-468c-bbd3-5ada51f54e64,REG-2026-90230,KUASA — LOKET OJAN,ajat@gmail.com,PERPANJANGAN SARUSUN,453,HGB,Slipi,Palmerah,,,,Sedang Dipinjam,Dikonfirmasi & diambil oleh peminjam — Agus Ajat,2026-06-15 06:52:47.545194+00,2026-06-15 06:53:00.66+00,agusajat,2026-06-15 06:52:47.545194+00,2026-06-15 06:53:00.650588+00,register,Agus Ajat,2026-06-15 06:53:00.66+00,,,BT,
254f5ec7-6178-4982-9549-cb12b6f3109a,REG-2026-57910,PRIORITAS — DANI,prioritas@gmail.com,ROYA,7280,HM,Pegadungan,Kalideres,,,3705/2019,Sedang Dipinjam,Dikonfirmasi & diambil oleh peminjam — Agus Ajat,2026-06-15 07:19:25.915336+00,2026-06-15 07:31:20.211+00,prioritas,2026-06-15 07:19:25.915336+00,2026-06-15 07:31:20.25951+00,register,Agus Ajat,2026-06-15 07:31:20.211+00,,,BT & HT,
bcad3acf-137d-4744-8368-71c09293acf0,REG-2026-01970,PHP — ERIKA (17846/2026),kuasa@gmail.com,PERMOHONAN SK,9642,HGB,Kalideres,Kalideres,,,,Sedang Dipinjam,Dikonfirmasi & diambil oleh peminjam — Agus Ajat,2026-06-15 07:40:30.307057+00,2026-06-15 11:04:08.757+00,kuasa,2026-06-15 07:40:30.307057+00,2026-06-15 11:04:08.80623+00,register,Agus Ajat,2026-06-15 11:04:08.757+00,,,,
28741749-bed6-4785-a19a-8aba98c8f096,REG-2026-15540,PHP — ERIKA (17761/2026),kuasa@gmail.com,PERMOHONAN SK,9641,HGB,Kalideres,Kalideres,,,,Sedang Dipinjam,Dikonfirmasi & diambil oleh peminjam — Agus Ajat,2026-06-15 07:41:41.66499+00,2026-06-15 11:04:08.71+00,kuasa,2026-06-15 07:41:41.66499+00,2026-06-15 11:04:08.759798+00,register,Agus Ajat,2026-06-15 11:04:08.71+00,,,BT,
026469aa-8660-4a5e-a69d-4193af2efff6,REG-2026-87780,PHP — ERIKA (17774/2026),kuasa@gmail.com,PERMOHONAN SK,9654,HGB,Kalideres,Kalideres,,,,Sedang Dipinjam,Dikonfirmasi & diambil oleh peminjam — Agus Ajat,2026-06-15 07:42:38.857967+00,2026-06-15 11:04:08.663+00,kuasa,2026-06-15 07:42:38.857967+00,2026-06-15 11:04:08.711874+00,register,Agus Ajat,2026-06-15 11:04:08.663+00,,,BT,
9e845770-9bce-4543-a85f-c1ab36b2f334,REG-2026-35550,PHP — ERIKA (17768/2026),kuasa@gmail.com,PERMOHONAN SK,9655,HGB,Kalideres,Kalideres,,,,Sedang Dipinjam,Dikonfirmasi & diambil oleh peminjam — Agus Ajat,2026-06-15 07:43:23.631728+00,2026-06-15 11:04:08.592+00,kuasa,2026-06-15 07:43:23.631728+00,2026-06-15 11:04:08.649504+00,register,Agus Ajat,2026-06-15 11:04:08.592+00,,,BT,
29ac9074-a7d4-4df1-8fe1-b4f69af88ed2,REG-2026-02740,KUASA — ANDRE,ajat@gmail.com,PERPANJANGAN SARUSUN,12631,HMSRS,Tanjung Duren Selatan,Grogol Petamburan,,,,Sedang Dipinjam,Dikonfirmasi & diambil oleh peminjam — Agus Ajat,2026-06-15 07:45:38.919072+00,2026-06-15 09:41:33.427+00,agusajat,2026-06-15 07:45:38.919072+00,2026-06-15 09:41:33.474885+00,register,Agus Ajat,2026-06-15 09:41:33.427+00,,,BT,
49d578c7-f54a-413c-9442-50842e6f6405,REG-2026-02741,KUASA — ANDRE,ajat@gmail.com,PERPANJANGAN SARUSUN,11961,HMSRS,Tanjung Duren Selatan,Grogol Petamburan,,,,Sedang Dipinjam,Dikonfirmasi & diambil oleh peminjam — Agus Ajat,2026-06-15 07:45:38.919072+00,2026-06-15 09:41:33.378+00,agusajat,2026-06-15 07:45:38.919072+00,2026-06-15 09:41:33.424591+00,register,Agus Ajat,2026-06-15 09:41:33.378+00,,,BT,
b2078770-0f78-4faf-93df-bec0e6102f5b,REG-2026-027410,KUASA — ANDRE,ajat@gmail.com,PERPANJANGAN SARUSUN,12869,HMSRS,Tanjung Duren Selatan,Grogol Petamburan,,,,Sedang Dipinjam,Dikonfirmasi & diambil oleh peminjam — Agus Ajat,2026-06-15 07:45:38.919072+00,2026-06-15 09:41:33.479+00,agusajat,2026-06-15 07:45:38.919072+00,2026-06-15 09:41:33.529221+00,register,Agus Ajat,2026-06-15 09:41:33.479+00,,,BT,
4459f2c9-26bb-4c48-9c65-8a56c04419ab,REG-2026-02742,KUASA — ANDRE,ajat@gmail.com,PERPANJANGAN SARUSUN,11761,HMSRS,Tanjung Duren Selatan,Grogol Petamburan,,,,Sedang Dipinjam,Dikonfirmasi & diambil oleh peminjam — Agus Ajat,2026-06-15 07:45:38.919072+00,2026-06-15 09:41:33.328+00,agusajat,2026-06-15 07:45:38.919072+00,2026-06-15 09:41:33.376034+00,register,Agus Ajat,2026-06-15 09:41:33.328+00,,,BT,
6e32f7b8-3d38-4685-9640-718119a08436,REG-2026-02743,KUASA — ANDRE,ajat@gmail.com,PERPANJANGAN SARUSUN,11588,HMSRS,Tanjung Duren Selatan,Grogol Petamburan,,,,Sedang Dipinjam,Dikonfirmasi & diambil oleh peminjam — Agus Ajat,2026-06-15 07:45:38.919072+00,2026-06-15 09:41:33.08+00,agusajat,2026-06-15 07:45:38.919072+00,2026-06-15 09:41:33.126349+00,register,Agus Ajat,2026-06-15 09:41:33.08+00,,,BT,
198ed8a0-fa90-4d3c-8893-5905908b7578,REG-2026-02744,KUASA — ANDRE,ajat@gmail.com,PERPANJANGAN SARUSUN,11703,HMSRS,Tanjung Duren Selatan,Grogol Petamburan,,,,Sedang Dipinjam,Dikonfirmasi & diambil oleh peminjam — Agus Ajat,2026-06-15 07:45:38.919072+00,2026-06-15 09:41:33.279+00,agusajat,2026-06-15 07:45:38.919072+00,2026-06-15 09:41:33.325875+00,register,Agus Ajat,2026-06-15 09:41:33.279+00,,,BT,
b7df95ee-68d3-44c6-b025-5fbd57f07a43,REG-2026-02745,KUASA — ANDRE,ajat@gmail.com,PERPANJANGAN SARUSUN,12511,HMSRS,Tanjung Duren Selatan,Grogol Petamburan,,,,Sedang Dipinjam,Dikonfirmasi & diambil oleh peminjam — Agus Ajat,2026-06-15 07:45:38.919072+00,2026-06-15 09:41:33.176+00,agusajat,2026-06-15 07:45:38.919072+00,2026-06-15 09:41:33.223207+00,register,Agus Ajat,2026-06-15 09:41:33.176+00,,,BT,
ad690899-236f-4cc3-a6d5-db9670c09d8a,REG-2026-02746,KUASA — ANDRE,ajat@gmail.com,PERPANJANGAN SARUSUN,11633,HMSRS,Tanjung Duren Selatan,Grogol Petamburan,,,,Sedang Dipinjam,Dikonfirmasi & diambil oleh peminjam — Agus Ajat,2026-06-15 07:45:38.919072+00,2026-06-15 09:41:33.226+00,agusajat,2026-06-15 07:45:38.919072+00,2026-06-15 09:41:33.274691+00,register,Agus Ajat,2026-06-15 09:41:33.226+00,,,BT,
eed2b0c6-1c5b-472c-bd40-f297b701a9d3,REG-2026-02747,KUASA — ANDRE,ajat@gmail.com,PERPANJANGAN SARUSUN,12652,HMSRS,Tanjung Duren Selatan,Grogol Petamburan,,,,Sedang Dipinjam,Dikonfirmasi & diambil oleh peminjam — Agus Ajat,2026-06-15 07:45:38.919072+00,2026-06-15 09:41:33.031+00,agusajat,2026-06-15 07:45:38.919072+00,2026-06-15 09:41:33.077557+00,register,Agus Ajat,2026-06-15 09:41:33.031+00,,,BT,
56ae9adb-4cca-4889-a851-6277410594a3,REG-2026-02748,KUASA — ANDRE,ajat@gmail.com,PERPANJANGAN SARUSUN,12280,HMSRS,Tanjung Duren Selatan,Grogol Petamburan,,,,Sedang Dipinjam,Dikonfirmasi & diambil oleh peminjam — Agus Ajat,2026-06-15 07:45:38.919072+00,2026-06-15 09:41:32.983+00,agusajat,2026-06-15 07:45:38.919072+00,2026-06-15 09:41:33.032447+00,register,Agus Ajat,2026-06-15 09:41:32.983+00,,,BT,
73517e4e-55cb-421b-b287-795f17aed126,REG-2026-02749,KUASA — ANDRE,ajat@gmail.com,PERPANJANGAN SARUSUN,11486,HMSRS,Tanjung Duren Selatan,Grogol Petamburan,,,,Sedang Dipinjam,Dikonfirmasi & diambil oleh peminjam — Agus Ajat,2026-06-15 07:45:38.919072+00,2026-06-15 09:41:33.128+00,agusajat,2026-06-15 07:45:38.919072+00,2026-06-15 09:41:33.174027+00,register,Agus Ajat,2026-06-15 09:41:33.128+00,,,BT,
dad8ee5e-40e4-4ea5-9956-85db4369430d,REG-2026-04190,PHP — Ulfa,php@gmail.com,ROYA,3224,HGB,Duri Kepa,Kebon Jeruk,,,02204/2019,Sedang Dipinjam,Dikonfirmasi & diambil oleh peminjam — Agus Ajat,2026-06-15 07:46:41.732423+00,2026-06-17 02:32:07.46+00,php,2026-06-15 07:46:41.732423+00,2026-06-17 02:32:07.457819+00,register,Agus Ajat,2026-06-17 02:32:07.46+00,,,BT & HT,
8451f010-ddb4-406d-9d93-46d243366d15,REG-2026-50170,PHP — Ulfa,php@gmail.com,ROYA,1476,HM,Tanjung Duren Utara,Grogol Petamburan,,,254/2012,Sedang Dipinjam,Dikonfirmasi & diambil oleh peminjam — Agus Ajat,2026-06-15 07:48:26.322231+00,2026-06-17 02:32:07.412+00,php,2026-06-15 07:48:26.322231+00,2026-06-17 02:32:07.406716+00,register,Agus Ajat,2026-06-17 02:32:07.412+00,,,BT & HT,
d0bc34f4-5123-468d-a7cf-aa79bbb11e81,REG-2026-58470,PHP — Fida,php@gmail.com,ROYA,12878,HM,Tegal Alur,Kalideres,,,07046/2018,Sedang Dipinjam,Dikonfirmasi & diambil oleh peminjam — Agus Ajat,2026-06-15 07:49:37.152432+00,2026-06-17 02:32:07.362+00,php,2026-06-15 07:49:37.152432+00,2026-06-17 02:32:07.359537+00,register,Agus Ajat,2026-06-17 02:32:07.362+00,,,BT & HT,
679d7b9e-9f37-4a4f-9f7a-d2d4a0cbcc00,REG-2026-37030,PHP — Hendra,php@gmail.com,PENGHAPUSAN BPHTB,03001,HGB,Jembatan Besi,Tambora,,,,Sedang Dipinjam,Dikonfirmasi & diambil oleh peminjam — Agus Ajat,2026-06-15 08:05:45.036425+00,2026-06-15 09:41:32.883+00,php,2026-06-15 08:05:45.036425+00,2026-06-15 09:41:32.930585+00,register,Agus Ajat,2026-06-15 09:41:32.883+00,,,BT,
54f64b4c-6991-4f75-acfe-4862ce0ec410,REG-2026-37031,PHP — Hendra,php@gmail.com,PENGHAPUSAN BPHTB,02193,HGB,Jembatan Lima,Tambora,,,,Sedang Dipinjam,Dikonfirmasi & diambil oleh peminjam — Agus Ajat,2026-06-15 08:05:45.036425+00,2026-06-15 09:41:32.838+00,php,2026-06-15 08:05:45.036425+00,2026-06-15 09:41:32.884532+00,register,Agus Ajat,2026-06-15 09:41:32.838+00,,,BT,
00cb1d51-ff4d-4b18-b7b3-b7c9a682c2da,REG-2026-37032,PHP — Hendra,php@gmail.com,PENGHAPUSAN BPHTB,05001,HGB,Kapuk,Cengkareng,,,,Sedang Dipinjam,Dikonfirmasi & diambil oleh peminjam — Agus Ajat,2026-06-15 08:05:45.036425+00,2026-06-15 09:41:32.79+00,php,2026-06-15 08:05:45.036425+00,2026-06-15 09:41:32.838298+00,register,Agus Ajat,2026-06-15 09:41:32.79+00,,,BT,
2569361c-4cbc-4283-b9ff-9788c208a58f,REG-2026-37033,PHP — Hendra,php@gmail.com,PENGHAPUSAN BPHTB,01886,HGB,Kalianyar,Tambora,,,,Sudah Dikembalikan,,2026-06-15 08:05:45.036425+00,2026-06-17 06:43:35.452+00,php,2026-06-15 08:05:45.036425+00,2026-06-17 06:43:35.456972+00,register,Agus Ajat,2026-06-15 09:41:32.93+00,,,BT,
544da0b3-f1fa-4f5f-8456-9822a5111273,REG-2026-79580,KUASA — ANDRE,ajat@gmail.com,PERPANJANGAN SARUSUN,12727,HMSRS,Tanjung Duren Selatan,Grogol Petamburan,,,,Sedang Dipinjam,Dikonfirmasi & diambil oleh peminjam — Agus Ajat,2026-06-15 08:31:06.704503+00,2026-06-15 09:41:32.294+00,agusajat,2026-06-15 08:31:06.704503+00,2026-06-15 09:41:32.343869+00,register,Agus Ajat,2026-06-15 09:41:32.294+00,,,BT,
fe7fe558-d2eb-4df8-8de2-3c6f624d21ca,REG-2026-79581,KUASA — ANDRE,ajat@gmail.com,PERPANJANGAN SARUSUN,11315,HMSRS,Tanjung Duren Selatan,Grogol Petamburan,,,,Sedang Dipinjam,Dikonfirmasi & diambil oleh peminjam — Agus Ajat,2026-06-15 08:31:06.704503+00,2026-06-15 09:41:32.246+00,agusajat,2026-06-15 08:31:06.704503+00,2026-06-15 09:41:32.292078+00,register,Agus Ajat,2026-06-15 09:41:32.246+00,,,BT,
12901226-5a3b-4e1d-8342-25f3c236aa58,REG-2026-795810,KUASA — ANDRE,ajat@gmail.com,PERPANJANGAN SARUSUN,12138,HMSRS,Tanjung Duren Selatan,Grogol Petamburan,,,,Sedang Dipinjam,Dikonfirmasi & diambil oleh peminjam — Agus Ajat,2026-06-15 08:31:06.704503+00,2026-06-15 09:41:32.344+00,agusajat,2026-06-15 08:31:06.704503+00,2026-06-15 09:41:32.392013+00,register,Agus Ajat,2026-06-15 09:41:32.344+00,,,BT,
81980229-28a8-46bc-9ad4-f6b35aa3da50,REG-2026-79582,KUASA — ANDRE,ajat@gmail.com,PERPANJANGAN SARUSUN,11440,HMSRS,Tanjung Duren Selatan,Grogol Petamburan,,,,Sedang Dipinjam,Dikonfirmasi & diambil oleh peminjam — Agus Ajat,2026-06-15 08:31:06.704503+00,2026-06-15 09:41:32.647+00,agusajat,2026-06-15 08:31:06.704503+00,2026-06-15 09:41:32.695123+00,register,Agus Ajat,2026-06-15 09:41:32.647+00,,,BT,
cfc6ed7a-4586-4b98-867f-621031e2a95b,REG-2026-79583,KUASA — ANDRE,ajat@gmail.com,PERPANJANGAN SARUSUN,12366,HMSRS,Tanjung Duren Selatan,Grogol Petamburan,,,,Sedang Dipinjam,Dikonfirmasi & diambil oleh peminjam — Agus Ajat,2026-06-15 08:31:06.704503+00,2026-06-15 09:41:32.695+00,agusajat,2026-06-15 08:31:06.704503+00,2026-06-15 09:41:32.744034+00,register,Agus Ajat,2026-06-15 09:41:32.695+00,,,BT,
9e930b3f-8089-4dee-a5e0-89a0e671b646,REG-2026-79584,KUASA — ANDRE,ajat@gmail.com,PERPANJANGAN SARUSUN,12357,HMSRS,Tanjung Duren Selatan,Grogol Petamburan,,,,Sedang Dipinjam,Dikonfirmasi & diambil oleh peminjam — Agus Ajat,2026-06-15 08:31:06.704503+00,2026-06-15 09:41:32.743+00,agusajat,2026-06-15 08:31:06.704503+00,2026-06-15 09:41:32.790291+00,register,Agus Ajat,2026-06-15 09:41:32.743+00,,,BT,
f9944e8f-e241-48c2-a308-3cf84199bd2c,REG-2026-79585,KUASA — ANDRE,ajat@gmail.com,PERPANJANGAN SARUSUN,11767,HMSRS,Tanjung Duren Selatan,Grogol Petamburan,,,,Sedang Dipinjam,Dikonfirmasi & diambil oleh peminjam — Agus Ajat,2026-06-15 08:31:06.704503+00,2026-06-15 09:41:32.547+00,agusajat,2026-06-15 08:31:06.704503+00,2026-06-15 09:41:32.596169+00,register,Agus Ajat,2026-06-15 09:41:32.547+00,,,BT,
d3bde265-c7c1-4517-904e-609a634eb879,REG-2026-79586,KUASA — ANDRE,ajat@gmail.com,PERPANJANGAN SARUSUN,12605,HMSRS,Tanjung Duren Selatan,Grogol Petamburan,,,,Sedang Dipinjam,Dikonfirmasi & diambil oleh peminjam — Agus Ajat,2026-06-15 08:31:06.704503+00,2026-06-15 09:41:32.6+00,agusajat,2026-06-15 08:31:06.704503+00,2026-06-15 09:41:32.64805+00,register,Agus Ajat,2026-06-15 09:41:32.6+00,,,BT,
cdefce50-39ba-4999-a978-9d1d0168ae58,REG-2026-79587,KUASA — ANDRE,ajat@gmail.com,PERPANJANGAN SARUSUN,11899,HMSRS,Tanjung Duren Selatan,Grogol Petamburan,,,,Sedang Dipinjam,Dikonfirmasi & diambil oleh peminjam — Agus Ajat,2026-06-15 08:31:06.704503+00,2026-06-15 09:41:32.448+00,agusajat,2026-06-15 08:31:06.704503+00,2026-06-15 09:41:32.494702+00,register,Agus Ajat,2026-06-15 09:41:32.448+00,,,BT,
4acb63f5-3d22-45e2-a0f6-66152c9776ef,REG-2026-79588,KUASA — ANDRE,ajat@gmail.com,PERPANJANGAN SARUSUN,11365,HMSRS,Tanjung Duren Selatan,Grogol Petamburan,,,,Sedang Dipinjam,Dikonfirmasi & diambil oleh peminjam — Agus Ajat,2026-06-15 08:31:06.704503+00,2026-06-15 09:41:32.495+00,agusajat,2026-06-15 08:31:06.704503+00,2026-06-15 09:41:32.543314+00,register,Agus Ajat,2026-06-15 09:41:32.495+00,,,BT,
644198c3-f4d0-4dcd-bbfb-be613dfd44ba,REG-2026-79589,KUASA — ANDRE,ajat@gmail.com,PERPANJANGAN SARUSUN,11536,HMSRS,Tanjung Duren Selatan,Grogol Petamburan,,,,Sedang Dipinjam,Dikonfirmasi & diambil oleh peminjam — Agus Ajat,2026-06-15 08:31:06.704503+00,2026-06-15 09:41:32.399+00,agusajat,2026-06-15 08:31:06.704503+00,2026-06-15 09:41:32.447165+00,register,Agus Ajat,2026-06-15 09:41:32.399+00,,,BT,
88cb5ec9-4798-4a63-a3b4-35275222dce6,REG-2026-49750,KUASA — ANDRE,ajat@gmail.com,PERPANJANGAN SARUSUN,11408,HMSRS,Tanjung Duren Selatan,Grogol Petamburan,,,,Sedang Dipinjam,Dikonfirmasi & diambil oleh peminjam — Agus Ajat,2026-06-15 08:35:43.688595+00,2026-06-15 09:41:32.046+00,agusajat,2026-06-15 08:35:43.688595+00,2026-06-15 09:41:32.095226+00,register,Agus Ajat,2026-06-15 09:41:32.046+00,,,BT,
18f55e51-f95c-4c95-aac5-11b82ca58d7c,REG-2026-49751,KUASA — ANDRE,ajat@gmail.com,PERPANJANGAN SARUSUN,12602,HMSRS,Tanjung Duren Selatan,Grogol Petamburan,,,,Sedang Dipinjam,Dikonfirmasi & diambil oleh peminjam — Agus Ajat,2026-06-15 08:35:43.688595+00,2026-06-15 09:41:32.093+00,agusajat,2026-06-15 08:35:43.688595+00,2026-06-15 09:41:32.14128+00,register,Agus Ajat,2026-06-15 09:41:32.093+00,,,BT,
791ab7f3-7715-4325-926c-ee95ad58a238,REG-2026-49752,KUASA — ANDRE,ajat@gmail.com,PERPANJANGAN SARUSUN,12670,HMSRS,Tanjung Duren Selatan,Grogol Petamburan,,,,Sedang Dipinjam,Dikonfirmasi & diambil oleh peminjam — Agus Ajat,2026-06-15 08:35:43.688595+00,2026-06-15 09:41:32.193+00,agusajat,2026-06-15 08:35:43.688595+00,2026-06-15 09:41:32.242193+00,register,Agus Ajat,2026-06-15 09:41:32.193+00,,,BT,
616c75d9-d725-48fa-90e1-8b80867df6ff,REG-2026-49753,KUASA — ANDRE,ajat@gmail.com,PERPANJANGAN SARUSUN,11326,HMSRS,Tanjung Duren Selatan,Grogol Petamburan,,,,Sedang Dipinjam,Dikonfirmasi & diambil oleh peminjam — Agus Ajat,2026-06-15 08:35:43.688595+00,2026-06-15 09:41:32.143+00,agusajat,2026-06-15 08:35:43.688595+00,2026-06-15 09:41:32.190024+00,register,Agus Ajat,2026-06-15 09:41:32.143+00,,,BT,
7b89b5aa-e764-4a7b-b138-792ec1126c63,REG-2026-49754,KUASA — ANDRE,ajat@gmail.com,PERPANJANGAN SARUSUN,12401,HMSRS,Tanjung Duren Selatan,Grogol Petamburan,,,,Sedang Dipinjam,Dikonfirmasi & diambil oleh peminjam — Agus Ajat,2026-06-15 08:35:43.688595+00,2026-06-15 09:41:31.994+00,agusajat,2026-06-15 08:35:43.688595+00,2026-06-15 09:41:32.042599+00,register,Agus Ajat,2026-06-15 09:41:31.994+00,,,BT,
b1f37d03-1b26-4b7c-b6c3-b3e1567bfcf7,REG-2026-49755,KUASA — ANDRE,ajat@gmail.com,PERPANJANGAN SARUSUN,11730,HMSRS,Tanjung Duren Selatan,Grogol Petamburan,,,,Sedang Dipinjam,Dikonfirmasi & diambil oleh peminjam — Agus Ajat,2026-06-15 08:35:43.688595+00,2026-06-15 09:41:31.944+00,agusajat,2026-06-15 08:35:43.688595+00,2026-06-15 09:41:31.990344+00,register,Agus Ajat,2026-06-15 09:41:31.944+00,,,BT,
ec066fc9-35d3-42e6-9c8b-c0a358bad31e,REG-2026-49756,KUASA — ANDRE,ajat@gmail.com,PERPANJANGAN SARUSUN,12207,HMSRS,Tanjung Duren Selatan,Grogol Petamburan,,,,Sedang Dipinjam,Dikonfirmasi & diambil oleh peminjam — Agus Ajat,2026-06-15 08:35:43.688595+00,2026-06-15 09:41:31.888+00,agusajat,2026-06-15 08:35:43.688595+00,2026-06-15 09:41:31.940818+00,register,Agus Ajat,2026-06-15 09:41:31.888+00,,,BT,
a8e7ddf4-4dee-4fb2-a347-f8e648fdad2a,REG-2026-49757,KUASA — ANDRE,ajat@gmail.com,PERPANJANGAN SARUSUN,12048,HMSRS,Tanjung Duren Selatan,Grogol Petamburan,,,,Sedang Dipinjam,Dikonfirmasi & diambil oleh peminjam — Agus Ajat,2026-06-15 08:35:43.688595+00,2026-06-15 09:41:31.826+00,agusajat,2026-06-15 08:35:43.688595+00,2026-06-15 09:41:31.878794+00,register,Agus Ajat,2026-06-15 09:41:31.826+00,,,BT,
53637837-6e31-4617-8e93-caa39ea509c7,REG-2026-59981,PHP — Saraya,php@gmail.com,SKPT,6909,HM,Jelambar,Grogol Petamburan,,,,Sudah Dikembalikan,Dikonfirmasi & diambil oleh peminjam — Agus Ajat,2026-06-15 08:50:07.369894+00,2026-06-18 07:59:17.532+00,php,2026-06-15 08:50:07.369894+00,2026-06-18 07:59:17.569574+00,register,Agus Ajat,2026-06-17 03:11:38.53+00,,,BT,
ebff8473-e239-4ce6-893a-f1bd3fc9f937,REG-2026-59982,PHP — Saraya,php@gmail.com,SKPT,2487,HM,Kedoya Selatan,Kebon Jeruk,,,,Sudah Dikembalikan,Dikonfirmasi & diambil oleh peminjam — Agus Ajat,2026-06-15 08:50:07.369894+00,2026-06-18 07:59:24.947+00,php,2026-06-15 08:50:07.369894+00,2026-06-18 07:59:24.978264+00,register,Agus Ajat,2026-06-17 03:11:38.578+00,,,BT,
8b72d8a4-f33c-419a-98d7-83ed4c64dc08,REG-2026-59983,PHP — Saraya,php@gmail.com,SKPT,1434,HM,Kedoya Utara,Kebon Jeruk,,,,Sudah Dikembalikan,Dikonfirmasi & diambil oleh peminjam — Agus Ajat,2026-06-15 08:50:07.369894+00,2026-06-18 07:59:09.189+00,php,2026-06-15 08:50:07.369894+00,2026-06-18 07:59:09.222589+00,register,Agus Ajat,2026-06-17 03:11:38.626+00,,,BT,
8639cb81-59b3-4613-a338-8c464dc6b848,REG-2026-68700,PHP — Saraya,php@gmail.com,SKPT,14383,HM,Tegal Alur,Kalideres,,,,Sudah Dikembalikan,Dikonfirmasi & diambil oleh peminjam — Agus Ajat,2026-06-15 08:57:38.228214+00,2026-06-18 07:59:32.938+00,php,2026-06-15 08:57:38.228214+00,2026-06-18 07:59:32.971781+00,register,Agus Ajat,2026-06-17 03:11:38.481+00,,,BT,
246f8561-e65c-4331-b69d-7f6805707894,REG-2026-23290,KUASA — RIA OKTAVIANTI,kuasa@gmail.com,PERALIHAN HAK WARIS,7339,HGB,Kembangan Utara,Kembangan,,,,Sedang Dipinjam,Dikonfirmasi & diambil oleh peminjam — Agus Ajat,2026-06-15 09:27:12.759502+00,2026-06-17 02:32:07.011+00,kuasa,2026-06-15 09:27:12.759502+00,2026-06-17 02:32:07.005488+00,register,Agus Ajat,2026-06-17 02:32:07.011+00,,,BT,
8334a5ea-001f-4203-b8e8-b08355f728e6,REG-2026-23291,KUASA — RIA OKTAVIANTI,kuasa@gmail.com,PERALIHAN HAK WARIS,203,HM,Jatipulo,Palmerah,,,,Sedang Dipinjam,Dikonfirmasi & diambil oleh peminjam — Agus Ajat,2026-06-15 09:27:12.759502+00,2026-06-17 02:32:06.965+00,kuasa,2026-06-15 09:27:12.759502+00,2026-06-17 02:32:06.960929+00,register,Agus Ajat,2026-06-17 02:32:06.965+00,,,BT,
a3bb49b7-ea84-4376-82e4-4190fd536187,REG-2026-23292,KUASA — RIA OKTAVIANTI,kuasa@gmail.com,PERALIHAN HAK WARIS,3466,HGB,Tanah Sereal,Tambora,,,,Sedang Dipinjam,Dikonfirmasi & diambil oleh peminjam — Agus Ajat,2026-06-15 09:27:12.759502+00,2026-06-17 02:32:07.104+00,kuasa,2026-06-15 09:27:12.759502+00,2026-06-17 02:32:07.098927+00,register,Agus Ajat,2026-06-17 02:32:07.104+00,,,BT,
28361a67-de8a-4deb-9499-2b8f5ae4625d,REG-2026-23293,KUASA — RIA OKTAVIANTI,kuasa@gmail.com,PERALIHAN HAK WARIS,11978,HM,Wijaya Kusuma,Grogol Petamburan,,,,Sedang Dipinjam,Dikonfirmasi & diambil oleh peminjam — Agus Ajat,2026-06-15 09:27:12.759502+00,2026-06-17 02:32:07.057+00,kuasa,2026-06-15 09:27:12.759502+00,2026-06-17 02:32:07.052088+00,register,Agus Ajat,2026-06-17 02:32:07.057+00,,,BT,
8cc31be2-fc2d-494b-9a0d-f5dcfd0aecc8,REG-2026-23294,KUASA — RIA OKTAVIANTI,kuasa@gmail.com,PERALIHAN HAK WARIS,1803,HGB,Glodok,Taman Sari,,,,Sedang Dipinjam,Dikonfirmasi & diambil oleh peminjam — Agus Ajat,2026-06-15 09:27:12.759502+00,2026-06-17 02:32:07.152+00,kuasa,2026-06-15 09:27:12.759502+00,2026-06-17 02:32:07.150126+00,register,Agus Ajat,2026-06-17 02:32:07.152+00,,,BT,
30eb94c4-3047-4c89-a301-2448dce82ca3,REG-2026-23295,KUASA — RIA OKTAVIANTI,kuasa@gmail.com,PERALIHAN HAK WARIS,1656,HGB,Glodok,Taman Sari,,,,Sedang Dipinjam,Dikonfirmasi & diambil oleh peminjam — Agus Ajat,2026-06-15 09:27:12.759502+00,2026-06-17 02:32:07.205+00,kuasa,2026-06-15 09:27:12.759502+00,2026-06-17 02:32:07.205177+00,register,Agus Ajat,2026-06-17 02:32:07.205+00,,,BT,
f54249d8-899c-4a2f-a009-bb9c5f1045b4,REG-2026-23296,KUASA — RIA OKTAVIANTI,kuasa@gmail.com,PERALIHAN HAK WARIS,6683,HM,Duri Kosambi,Cengkareng,,,,Sedang Dipinjam,Dikonfirmasi & diambil oleh peminjam — Agus Ajat,2026-06-15 09:27:12.759502+00,2026-06-17 02:32:07.258+00,kuasa,2026-06-15 09:27:12.759502+00,2026-06-17 02:32:07.254202+00,register,Agus Ajat,2026-06-17 02:32:07.258+00,,,BT,
aca41106-f346-45e3-8a54-a9b0322a01f7,REG-2026-23297,KUASA — RIA OKTAVIANTI,kuasa@gmail.com,PERALIHAN HAK WARIS,3358,HM,Meruya Utara,Kembangan,,,,Sedang Dipinjam,Dikonfirmasi & diambil oleh peminjam — Agus Ajat,2026-06-15 09:27:12.759502+00,2026-06-17 02:32:07.312+00,kuasa,2026-06-15 09:27:12.759502+00,2026-06-17 02:32:07.309223+00,register,Agus Ajat,2026-06-17 02:32:07.312+00,,,BT,
f3f39d0b-439f-4af7-abf4-bd74d64dd0b0,REG-2026-98990,KUASA — RIA OKTAVIANTI,kuasa@gmail.com,PERUBAHAN HAK,5607,HGB,Wijaya Kusuma,Grogol Petamburan,,,,Sedang Dipinjam,Dikonfirmasi & diambil oleh peminjam — Agus Ajat,2026-06-15 09:30:40.338558+00,2026-06-17 02:32:06.705+00,kuasa,2026-06-15 09:30:40.338558+00,2026-06-17 02:32:06.699008+00,register,Agus Ajat,2026-06-17 02:32:06.705+00,,,BT,
4f0e12ed-43e7-4de6-a498-1bca8b0d521d,REG-2026-98991,KUASA — RIA OKTAVIANTI,kuasa@gmail.com,PERUBAHAN HAK,5906,HGB,Cengkareng Barat,Cengkareng,,,,Sedang Dipinjam,Dikonfirmasi & diambil oleh peminjam — Agus Ajat,2026-06-15 09:30:40.338558+00,2026-06-17 02:32:06.758+00,kuasa,2026-06-15 09:30:40.338558+00,2026-06-17 02:32:06.75717+00,register,Agus Ajat,2026-06-17 02:32:06.758+00,,,BT,
3ac4acf4-0304-4804-b056-6188870cec35,REG-2026-98992,KUASA — RIA OKTAVIANTI,kuasa@gmail.com,PERUBAHAN HAK,5200,HGB,Tegal Alur,Kalideres,,,,Sedang Dipinjam,Dikonfirmasi & diambil oleh peminjam — Agus Ajat,2026-06-15 09:30:40.338558+00,2026-06-17 02:32:06.81+00,kuasa,2026-06-15 09:30:40.338558+00,2026-06-17 02:32:06.807864+00,register,Agus Ajat,2026-06-17 02:32:06.81+00,,,BT,
793805ee-930c-47d0-aead-e7c0e46a5bbe,REG-2026-98993,KUASA — RIA OKTAVIANTI,kuasa@gmail.com,PERUBAHAN HAK,5199,HGB,Tegal Alur,Kalideres,,,,Sedang Dipinjam,Dikonfirmasi & diambil oleh peminjam — Agus Ajat,2026-06-15 09:30:40.338558+00,2026-06-17 02:32:06.859+00,kuasa,2026-06-15 09:30:40.338558+00,2026-06-17 02:32:06.855976+00,register,Agus Ajat,2026-06-17 02:32:06.859+00,,,BT,
c82d44a6-df92-4180-bdfe-13ce59f18abd,REG-2026-98994,KUASA — RIA OKTAVIANTI,kuasa@gmail.com,PERUBAHAN HAK,10745,HGB,Pegadungan,Kalideres,,,,Sedang Dipinjam,Dikonfirmasi & diambil oleh peminjam — Agus Ajat,2026-06-15 09:30:40.338558+00,2026-06-17 02:32:06.908+00,kuasa,2026-06-15 09:30:40.338558+00,2026-06-17 02:32:06.904238+00,register,Agus Ajat,2026-06-17 02:32:06.908+00,,,BT,
c549c688-1d33-4b00-a5c2-82dc27d602ef,REG-2026-28060,KUASA — RIA OKTAVIANTI,kuasa@gmail.com,GANTI NAMA PEMEGANG HT,13528,HM,Pegadungan,Kalideres,,,09913/2011,Sedang Dipinjam,Dikonfirmasi & diambil oleh peminjam — Agus Ajat,2026-06-15 09:32:43.233873+00,2026-06-17 02:32:06.654+00,kuasa,2026-06-15 09:32:43.233873+00,2026-06-17 02:32:06.650733+00,register,Agus Ajat,2026-06-17 02:32:06.654+00,,,BT,
1d064c35-1a6b-423f-819f-77c861520b66,REG-2026-04970,KUASA — RIA OKTAVIANTI,kuasa@gmail.com,MERGER HAK TANGGUNGAN,1306,HGB,Jembatan Besi,Tambora,,,04719/2019,Sedang Dipinjam,Dikonfirmasi & diambil oleh peminjam — Agus Ajat,2026-06-15 09:33:40.929838+00,2026-06-17 02:32:06.607+00,kuasa,2026-06-15 09:33:40.929838+00,2026-06-17 02:32:06.601717+00,register,Agus Ajat,2026-06-17 02:32:06.607+00,,,BT,
d582969d-fa84-4dec-b7b9-12f9d2ab33dd,REG-2026-90770,KUASA — RIA OKTAVIANTI,kuasa@gmail.com,GANTI NAMA PEMEGANG HT,817,HM,Kamal,Kalideres,,,,Sedang Dipinjam,Dikonfirmasi & diambil oleh peminjam — Agus Ajat,2026-06-15 09:34:59.509608+00,2026-06-17 02:32:06.511+00,kuasa,2026-06-15 09:34:59.509608+00,2026-06-17 02:32:06.50548+00,register,Agus Ajat,2026-06-17 02:32:06.511+00,,,BT,
59e7d39d-d36b-4052-a495-e9bfd1698a37,REG-2026-90771,KUASA — RIA OKTAVIANTI,kuasa@gmail.com,GANTI NAMA PEMEGANG HT,12300,HM,Tegal Alur,Kalideres,,,,Sedang Dipinjam,Dikonfirmasi & diambil oleh peminjam — Agus Ajat,2026-06-15 09:34:59.509608+00,2026-06-17 02:32:06.559+00,kuasa,2026-06-15 09:34:59.509608+00,2026-06-17 02:32:06.554797+00,register,Agus Ajat,2026-06-17 02:32:06.559+00,,,BT,
46c2b565-1ce9-4770-898a-4af1bf9ee33e,REG-2026-95280,PHP — TRI PAMBUDI (89151/2025),kuasa@gmail.com,PERMOHONAN SK,3699,HGB,Duri Kepa,Kebon Jeruk,,,,Sedang Dipinjam,Dikonfirmasi & diambil oleh peminjam — Agus Ajat,2026-06-15 10:39:49.634458+00,2026-06-15 10:56:53.175+00,kuasa,2026-06-15 10:39:49.634458+00,2026-06-15 10:56:53.227624+00,register,Agus Ajat,2026-06-15 10:56:53.175+00,,,BT,
764ea916-9511-4800-b1bd-121de7697b18,REG-2026-35950,KUASA — RIA OKTAVIANTI,ajat@gmail.com,PERALIHAN HAK HIBAH,1916,HM,Kembangan Selatan,Kembangan,,,,Sedang Dipinjam,Dikonfirmasi & diambil oleh peminjam — Agus Ajat,2026-06-15 10:42:34.05806+00,2026-06-17 02:32:06.464+00,agusajat,2026-06-15 10:42:34.05806+00,2026-06-17 02:32:06.461154+00,register,Agus Ajat,2026-06-17 02:32:06.464+00,,,BT,
843aec5e-64a3-4657-a998-3b6c30ab5e4b,REG-2026-75770,KUASA — RIA OKTAVIANTI,ajat@gmail.com,PERUBAHAN HAK,7110,HGB,Meruya Utara,Kembangan,,,,Proses Pencarian,,2026-06-15 11:03:47.764816+00,2026-06-15 11:03:47.764816+00,agusajat,2026-06-15 11:03:47.764816+00,2026-06-15 11:03:47.764816+00,register,,,,,BT,
6ac8064f-1576-4b05-a019-3055e568a780,REG-2026-62050,KUASA — OJAN,ajat@gmail.com,SKPT,5829,HGB,Tegal Alur,Kalideres,,,,Sedang Dipinjam,Dikonfirmasi & diambil oleh peminjam — Agus Ajat,2026-06-15 11:09:26.727956+00,2026-06-17 02:32:06.415+00,agusajat,2026-06-15 11:09:26.727956+00,2026-06-17 02:32:06.409437+00,register,Agus Ajat,2026-06-17 02:32:06.415+00,,,BT,
b2c40a85-489a-45c5-8f25-a68cb1dcf1af,REG-2026-62051,KUASA — OJAN,ajat@gmail.com,SKPT,1885,HM,Pekojan,Tambora,,,,Sedang Dipinjam,Dikonfirmasi & diambil oleh peminjam — Agus Ajat,2026-06-15 11:09:26.727956+00,2026-06-17 02:32:06.366+00,agusajat,2026-06-15 11:09:26.727956+00,2026-06-17 02:32:06.365845+00,register,Agus Ajat,2026-06-17 02:32:06.366+00,,,BT,
c43aae99-f94f-4eff-9365-923fb751bc48,REG-2026-62052,KUASA — OJAN,ajat@gmail.com,SKPT,5806,HGB,Tegal Alur,Kalideres,,,,Sedang Dipinjam,Dikonfirmasi & diambil oleh peminjam — Agus Ajat,2026-06-15 11:09:26.727956+00,2026-06-17 02:32:06.318+00,agusajat,2026-06-15 11:09:26.727956+00,2026-06-17 02:32:06.312488+00,register,Agus Ajat,2026-06-17 02:32:06.318+00,,,BT,
c97f86c4-4e62-42e8-ba7b-1f2a8752731a,REG-2026-62053,KUASA — OJAN,ajat@gmail.com,SKPT,5805,HGB,Tegal Alur,Kalideres,,,,Sedang Dipinjam,Dikonfirmasi & diambil oleh peminjam — Agus Ajat,2026-06-15 11:09:26.727956+00,2026-06-17 02:32:06.273+00,agusajat,2026-06-15 11:09:26.727956+00,2026-06-17 02:32:06.268635+00,register,Agus Ajat,2026-06-17 02:32:06.273+00,,,BT,
8dc1dc3c-b22b-4ef3-a3bc-aadca881352c,REG-2026-28680,KUASA — OJAN,ajat@gmail.com,ROYA,4695,HM,Meruya Utara,Kembangan,,,8498/2019;7191/2019;6191/2019,Sedang Dipinjam,Dikonfirmasi & diambil oleh peminjam — Agus Ajat,2026-06-15 11:19:43.063833+00,2026-06-17 02:32:06.127+00,agusajat,2026-06-15 11:19:43.063833+00,2026-06-17 02:32:06.122583+00,register,Agus Ajat,2026-06-17 02:32:06.127+00,,,BT & HT,
6240d512-57d4-405b-8551-502039179aca,REG-2026-28681,KUASA — OJAN,ajat@gmail.com,ROYA,7949,HM,Meruya Utara,Kembangan,,,8469/2019;7164/2019;6192/2019,Sedang Dipinjam,Dikonfirmasi & diambil oleh peminjam — Agus Ajat,2026-06-15 11:19:43.063833+00,2026-06-17 02:32:06.074+00,agusajat,2026-06-15 11:19:43.063833+00,2026-06-17 02:32:06.072232+00,register,Agus Ajat,2026-06-17 02:32:06.074+00,,,BT & HT,
a950947e-2af5-4811-916a-7e134cf34161,REG-2026-28682,KUASA — OJAN,ajat@gmail.com,ROYA,2348,HM,Kembangan Utara,Kembangan,,,5077/2015,Sedang Dipinjam,Dikonfirmasi & diambil oleh peminjam — Agus Ajat,2026-06-15 11:19:43.063833+00,2026-06-17 02:32:05.854+00,agusajat,2026-06-15 11:19:43.063833+00,2026-06-17 02:32:05.859254+00,register,Agus Ajat,2026-06-17 02:32:05.854+00,,,BT & HT,
b0f65f47-84f1-4b5a-bfb3-44eed913d8e4,REG-2026-28683,KUASA — OJAN,ajat@gmail.com,ROYA,535,HMSRS,Keagungan,Taman Sari,,,11579/2014,Sedang Dipinjam,Dikonfirmasi & diambil oleh peminjam — Agus Ajat,2026-06-15 11:19:43.063833+00,2026-06-17 02:32:05.927+00,agusajat,2026-06-15 11:19:43.063833+00,2026-06-17 02:32:05.923432+00,register,Agus Ajat,2026-06-17 02:32:05.927+00,,,BT & HT,
523108f9-09fd-4d5c-bc6a-71918f596c3a,REG-2026-28684,KUASA — OJAN,ajat@gmail.com,ROYA,11725,HM,Kalideres,Kalideres,,,7298/2014,Sedang Dipinjam,Dikonfirmasi & diambil oleh peminjam — Agus Ajat,2026-06-15 11:19:43.063833+00,2026-06-17 02:32:05.975+00,agusajat,2026-06-15 11:19:43.063833+00,2026-06-17 02:32:05.969824+00,register,Agus Ajat,2026-06-17 02:32:05.975+00,,,BT & HT,
7412b067-dc9e-4593-820d-6de90c4c7d72,REG-2026-28685,KUASA — OJAN,ajat@gmail.com,ROYA,2713,HMSRS,Cengkareng Timur,Cengkareng,,,4618/2009,Sedang Dipinjam,Dikonfirmasi & diambil oleh peminjam — Agus Ajat,2026-06-15 11:19:43.063833+00,2026-06-17 02:32:06.026+00,agusajat,2026-06-15 11:19:43.063833+00,2026-06-17 02:32:06.021224+00,register,Agus Ajat,2026-06-17 02:32:06.026+00,,,BT & HT,
919bf347-fe74-4cf1-8f30-4dff9ab44959,REG-2026-28686,KUASA — OJAN,ajat@gmail.com,ROYA,7257,HGB,Kalideres,Kalideres,,,2426/2018,Sedang Dipinjam,Dikonfirmasi & diambil oleh peminjam — Agus Ajat,2026-06-15 11:19:43.063833+00,2026-06-17 02:32:06.178+00,agusajat,2026-06-15 11:19:43.063833+00,2026-06-17 02:32:06.174697+00,register,Agus Ajat,2026-06-17 02:32:06.178+00,,,BT & HT,
8abffe3a-5c2c-4bb4-a9f4-883211892ea3,REG-2026-28687,KUASA — OJAN,ajat@gmail.com,ROYA,438,HGB,Tambora,Tambora,,,9479/2014,Sedang Dipinjam,Dikonfirmasi & diambil oleh peminjam — Agus Ajat,2026-06-15 11:19:43.063833+00,2026-06-17 02:32:06.226+00,agusajat,2026-06-15 11:19:43.063833+00,2026-06-17 02:32:06.219177+00,register,Agus Ajat,2026-06-17 02:32:06.226+00,,,BT & HT,
152a1ccf-9a97-4a49-a1f2-00671739a9ef,REG-2026-57450,PHP — SRI KUNTADI (22726/2026),kuasa@gmail.com,PERMOHONAN SK,886,HGB,Jembatan Besi,Tambora,,,,Sedang Dipinjam,Dikonfirmasi & diambil oleh peminjam — Agus Ajat,2026-06-15 12:33:56.190477+00,2026-06-15 12:54:16.193+00,kuasa,2026-06-15 12:33:56.190477+00,2026-06-15 12:54:16.217584+00,register,Agus Ajat,2026-06-15 12:54:16.193+00,,,BT,
e00ed616-a031-4bc1-b47e-9c1b4b2b517a,REG-2026-92690,PHP — SRI KUNTADI (32763/2026),kuasa@gmail.com,PERMOHONAN SK,605,HGB,Tamansari,Taman Sari,,,,Sedang Dipinjam,Dikonfirmasi & diambil oleh peminjam — Agus Ajat,2026-06-15 12:35:39.405042+00,2026-06-15 12:54:16.128+00,kuasa,2026-06-15 12:35:39.405042+00,2026-06-15 12:54:16.15585+00,register,Agus Ajat,2026-06-15 12:54:16.128+00,,,BT,
ae521726-d048-45ec-a0fd-35be48967e8b,REG-2026-03290,PRIORITAS — Dista,prioritas@gmail.com,PERALIHAN HAK WARIS,05445,HGB,Wijaya Kusuma,Grogol Petamburan,,,,Sedang Dipinjam,Dikonfirmasi & diambil oleh peminjam — Agus Ajat,2026-06-17 01:13:06.839888+00,2026-06-17 01:37:47.605+00,prioritas,2026-06-17 01:13:06.839888+00,2026-06-17 01:37:47.655179+00,register,Agus Ajat,2026-06-17 01:37:47.605+00,,,BT,
38558106-b4c6-4db1-b9c5-9f73924f781b,REG-2026-75890,PHP — WORO (12969/2026),kuasa@gmail.com,PERMOHONAN SK,14,HM,Sukabumi Selatan,Kebon Jeruk,,,,Sedang Dipinjam,Dikonfirmasi & diambil oleh peminjam — Agus Ajat,2026-06-17 02:05:47.632121+00,2026-06-17 02:29:35.506+00,kuasa,2026-06-17 02:05:47.632121+00,2026-06-17 02:29:35.503237+00,register,Agus Ajat,2026-06-17 02:29:35.506+00,,,BT,
931a52a9-83e5-4f70-bc57-5aa65c28817a,REG-2026-27050,PRIORITAS — Dista,prioritas@gmail.com,GANTI NAMA,6714,HGB,Cengkareng Timur,Cengkareng,,,,Sedang Dipinjam,Dikonfirmasi & diambil oleh peminjam — Agus Ajat,2026-06-17 02:09:08.889844+00,2026-06-17 02:16:04.777+00,prioritas,2026-06-17 02:09:08.889844+00,2026-06-17 02:16:04.774179+00,register,Agus Ajat,2026-06-17 02:16:04.777+00,,,BT,
c479f58c-bf68-4f71-8596-0cdfbe0a4872,REG-2026-11550,PRIORITAS — DANNY,prioritas@gmail.com,ROYA,4988,HM,Kembangan Utara,Kembangan,,,5457/2019,Sedang Dipinjam,Dikonfirmasi & diambil oleh peminjam — Agus Ajat,2026-06-17 02:21:33.020104+00,2026-06-17 02:29:26.34+00,prioritas,2026-06-17 02:21:33.020104+00,2026-06-17 02:29:26.349414+00,register,Agus Ajat,2026-06-17 02:29:26.34+00,,,BT & HT,
101aa20f-82c6-451c-bba1-6eb48b107594,REG-2026-97590,PHP — SARAYA,php@gmail.com,SKPT,15913,HM,Duri Kosambi,Cengkareng,,,,Sedang Dipinjam,Dikonfirmasi & diambil oleh peminjam — Agus Ajat,2026-06-17 02:37:19.775667+00,2026-06-17 03:11:38.358+00,php,2026-06-17 02:37:19.775667+00,2026-06-17 03:11:38.369729+00,register,Agus Ajat,2026-06-17 03:11:38.358+00,,,,
2bc628c6-107d-43e3-a9ba-08cd3e1197eb,REG-2026-97591,PHP — SARAYA,php@gmail.com,SKPT,3812,HGB,Meruya Selatan,Kembangan,,,,Sedang Dipinjam,Dikonfirmasi & diambil oleh peminjam — Agus Ajat,2026-06-17 02:37:19.775667+00,2026-06-17 03:11:38.433+00,php,2026-06-17 02:37:19.775667+00,2026-06-17 03:11:38.430362+00,register,Agus Ajat,2026-06-17 03:11:38.433+00,,,,
7de042e7-2160-4483-9feb-85393077ba0e,REG-2026-16940,PRIORITAS — DISTA,prioritas@gmail.com,ROYA,6428,HM,Kedoya Utara,Kebon Jeruk,,,03515/2017,Sedang Dipinjam,Dikonfirmasi & diambil oleh peminjam — Agus Ajat,2026-06-17 02:37:47.884653+00,2026-06-17 02:42:09.379+00,prioritas,2026-06-17 02:37:47.884653+00,2026-06-17 02:42:09.37815+00,register,Agus Ajat,2026-06-17 02:42:09.379+00,,,BT & HT,
444a2ead-cb3d-4532-902b-9364c5ea1839,REG-2026-87310,PRIORITAS — DISTA,prioritas@gmail.com,ROYA,6450,HM,Kedoya Utara,Kebon Jeruk,,,,Sedang Dipinjam,Dikonfirmasi & diambil oleh peminjam — Agus Ajat,2026-06-17 02:38:14.920402+00,2026-06-17 02:42:09.319+00,prioritas,2026-06-17 02:38:14.920402+00,2026-06-17 02:42:09.320572+00,register,Agus Ajat,2026-06-17 02:42:09.319+00,,,BT,
ff2eb55c-c166-40e0-9862-bc9ddc71a0dd,REG-2026-73740,S P — LUKMANUDIN SUTIA,ajat@gmail.com,PERBAIKAN SERTIFIKAT,13870,HM,Cengkareng Barat,Cengkareng,,,,Sedang Dipinjam,Dikonfirmasi & diambil oleh peminjam — Agus Ajat,2026-06-17 02:53:45.550972+00,2026-06-17 03:05:32.841+00,agusajat,2026-06-17 02:53:45.550972+00,2026-06-17 03:05:32.842003+00,register,Agus Ajat,2026-06-17 03:05:32.841+00,,,BT & SU,
9a11b45a-0898-48f8-a3c0-50aa616f46a0,REG-2026-49480,PHP — ASEP,ajat@gmail.com,VALIDASI / ALIH MEDIA,7927,HMSRS,Tanjung Duren Selatan,Grogol Petamburan,,,,Sedang Dipinjam,Dikonfirmasi & diambil oleh peminjam — Agus Ajat,2026-06-17 02:56:13.107032+00,2026-06-17 03:05:32.691+00,agusajat,2026-06-17 02:56:13.107032+00,2026-06-17 03:05:32.691409+00,register,Agus Ajat,2026-06-17 03:05:32.691+00,,,BT,
440eac83-51a1-4bc2-a1d8-a6cc6177fd48,REG-2026-49481,PHP — ASEP,ajat@gmail.com,VALIDASI / ALIH MEDIA,8345,HMSRS,Tanjung Duren Selatan,Grogol Petamburan,,,,Sedang Dipinjam,Dikonfirmasi & diambil oleh peminjam — Agus Ajat,2026-06-17 02:56:13.107032+00,2026-06-17 03:05:32.742+00,agusajat,2026-06-17 02:56:13.107032+00,2026-06-17 03:05:32.743615+00,register,Agus Ajat,2026-06-17 03:05:32.742+00,,,BT,
286981f6-3e26-49e3-a4b8-11d668297332,REG-2026-49482,PHP — ASEP,ajat@gmail.com,VALIDASI / ALIH MEDIA,7251,HMSRS,Tanjung Duren Selatan,Grogol Petamburan,,,,Sedang Dipinjam,Dikonfirmasi & diambil oleh peminjam — Agus Ajat,2026-06-17 02:56:13.107032+00,2026-06-17 03:05:32.793+00,agusajat,2026-06-17 02:56:13.107032+00,2026-06-17 03:05:32.792842+00,register,Agus Ajat,2026-06-17 03:05:32.793+00,,,BT,
ac24b468-52a1-4663-88d9-482c1e8746da,REG-2026-99870,PHP — DANANG,ajat@gmail.com,VALIDASI / ALIH MEDIA,7784,HM,Meruya Selatan,Kembangan,,,,Sedang Dipinjam,Dikonfirmasi & diambil oleh peminjam — Agus Ajat,2026-06-17 02:57:18.144835+00,2026-06-17 03:05:32.639+00,agusajat,2026-06-17 02:57:18.144835+00,2026-06-17 03:05:32.640667+00,register,Agus Ajat,2026-06-17 03:05:32.639+00,,,BT,
9d8961a4-9d60-4464-adec-cec8beaf343d,REG-2026-27950,PHP — DANANG,ajat@gmail.com,VALIDASI / ALIH MEDIA,9850,HGB,Semanan,Kalideres,,,,Sedang Dipinjam,Dikonfirmasi & diambil oleh peminjam — Agus Ajat,2026-06-17 02:59:40.965725+00,2026-06-17 03:05:32.506+00,agusajat,2026-06-17 02:59:40.965725+00,2026-06-17 03:05:32.510161+00,register,Agus Ajat,2026-06-17 03:05:32.506+00,,,BT,
d2fda00b-e170-44f4-b8d8-365dea083f89,REG-2026-27951,PHP — DANANG,ajat@gmail.com,VALIDASI / ALIH MEDIA,9914,HGB,Semanan,Kalideres,,,,Sedang Dipinjam,Dikonfirmasi & diambil oleh peminjam — Agus Ajat,2026-06-17 02:59:40.965725+00,2026-06-17 03:05:32.578+00,agusajat,2026-06-17 02:59:40.965725+00,2026-06-17 03:05:32.583323+00,register,Agus Ajat,2026-06-17 03:05:32.578+00,,,BT,
03c0c81c-45de-47f5-bb10-b7c85d2d2304,REG-2026-57800,PHP — SATAL (25638/2026),kuasa@gmail.com,PERMOHONAN SK,475,HGB,Krendang,Tambora,,,,Sedang Dipinjam,Dikonfirmasi & diambil oleh peminjam — Agus Ajat,2026-06-17 03:05:35.833853+00,2026-06-17 08:53:58.39+00,kuasa,2026-06-17 03:05:35.833853+00,2026-06-17 08:53:58.393616+00,register,Agus Ajat,2026-06-17 08:53:58.39+00,,,BT,
d25ee84d-70d9-4c39-b8d3-3b259319db38,REG-2026-46250,PHP — SATAL (17179/2026),kuasa@gmail.com,PERMOHONAN SK,1406,HGB,Angke,Tambora,,,,Sedang Dipinjam,Dikonfirmasi & diambil oleh peminjam — Agus Ajat,2026-06-17 03:07:14.688101+00,2026-06-17 08:53:58.34+00,kuasa,2026-06-17 03:07:14.688101+00,2026-06-17 08:53:58.344828+00,register,Agus Ajat,2026-06-17 08:53:58.34+00,,,BT,
c34b8b85-734e-4b19-b37b-55ac4d3a1c0a,REG-2026-23540,PHP — SRI KUNTADI (22578/2026),kuasa@gmail.com,PERMOHONAN SK,10325,HGB,Cengkareng Barat,Cengkareng,,,,Sedang Dipinjam,Dikonfirmasi & diambil oleh peminjam — Agus Ajat,2026-06-17 03:09:32.412459+00,2026-06-17 08:53:58.289+00,kuasa,2026-06-17 03:09:32.412459+00,2026-06-17 08:53:58.297735+00,register,Agus Ajat,2026-06-17 08:53:58.289+00,,,BT,
8a48f2be-5faa-475d-aef9-97fcaa33eec6,REG-2026-15600,PRIORITAS — DISTA,prioritas@gmail.com,SKPT,641,HM,Tangki,Taman Sari,,,,Sedang Dipinjam,Dikonfirmasi & diambil oleh peminjam — Agus Ajat,2026-06-17 03:33:37.775487+00,2026-06-17 04:28:30.379+00,prioritas,2026-06-17 03:33:37.775487+00,2026-06-17 04:28:30.385347+00,register,Agus Ajat,2026-06-17 04:28:30.379+00,,,BT,
f698a3c2-0ac8-4b59-b284-f0e8ee4a0f11,REG-2026-53340,PRIORITAS — DANNY,prioritas@gmail.com,ROYA,11990,HM,Cengkareng Barat,Cengkareng,,,7472/2018,Sedang Dipinjam,Dikonfirmasi & diambil oleh peminjam — Agus Ajat,2026-06-17 03:44:27.320787+00,2026-06-17 04:28:30.33+00,prioritas,2026-06-17 03:44:27.320787+00,2026-06-17 04:28:30.333924+00,register,Agus Ajat,2026-06-17 04:28:30.33+00,,,BT & HT,
6cba60c1-a03e-44c4-a791-c0018ffd5a6b,REG-2026-16090,KUASA — ARIF,kuasa@gmail.com,PERALIHAN HAK JUAL BELI,9415,HM,Kembangan Utara,Kembangan,,,,Sedang Dipinjam,Dikonfirmasi & diambil oleh peminjam — Agus Ajat,2026-06-17 03:49:30.694937+00,2026-06-17 08:53:58.24+00,kuasa,2026-06-17 03:49:30.694937+00,2026-06-17 08:53:58.245862+00,register,Agus Ajat,2026-06-17 08:53:58.24+00,,,BT,
f7ed6d9a-d768-43f9-bfd0-ed30e98b13e6,REG-2026-50480,KUASA — ARIF,kuasa@gmail.com,PERALIHAN HAK JUAL BELI,12619,HM,Semanan,Kalideres,,,,Sedang Dipinjam,Dikonfirmasi & diambil oleh peminjam — Agus Ajat,2026-06-17 04:00:44.144726+00,2026-06-17 08:53:58.085+00,kuasa,2026-06-17 04:00:44.144726+00,2026-06-17 08:53:58.090169+00,register,Agus Ajat,2026-06-17 08:53:58.085+00,,,BT,
e1696992-cbeb-4482-8152-8588731765b0,REG-2026-50481,KUASA — ARIF,kuasa@gmail.com,PERALIHAN HAK JUAL BELI,11524,HM,Duri Kosambi,Cengkareng,,,,Sedang Dipinjam,Dikonfirmasi & diambil oleh peminjam — Agus Ajat,2026-06-17 04:00:44.144726+00,2026-06-17 08:53:58.138+00,kuasa,2026-06-17 04:00:44.144726+00,2026-06-17 08:53:58.143609+00,register,Agus Ajat,2026-06-17 08:53:58.138+00,,,BT,
ef7a3ae7-bc3d-4f32-9574-1b9f93fcd905,REG-2026-504810,KUASA — ARIF,kuasa@gmail.com,PERALIHAN HAK JUAL BELI,2937,HMSRS,Kembangan Selatan,Kembangan,,,,Sedang Dipinjam,Dikonfirmasi & diambil oleh peminjam — Agus Ajat,2026-06-17 04:00:44.144726+00,2026-06-17 08:53:57.697+00,kuasa,2026-06-17 04:00:44.144726+00,2026-06-17 08:53:57.703027+00,register,Agus Ajat,2026-06-17 08:53:57.697+00,,,BT,
3d2f2e19-0871-4871-ae1a-5fa582ca6581,REG-2026-504811,KUASA — ARIF,kuasa@gmail.com,PERALIHAN HAK JUAL BELI,15457,HMSRS,Tanjung Duren Selatan,Grogol Petamburan,,,,Sedang Dipinjam,Dikonfirmasi & diambil oleh peminjam — Agus Ajat,2026-06-17 04:00:44.144726+00,2026-06-17 08:53:57.865+00,kuasa,2026-06-17 04:00:44.144726+00,2026-06-17 08:53:57.870785+00,register,Agus Ajat,2026-06-17 08:53:57.865+00,,,BT,
b10158f2-782d-4999-aec1-b06e7cb999f2,REG-2026-50482,KUASA — ARIF,kuasa@gmail.com,PERALIHAN HAK JUAL BELI,1627,HM,Duri Kepa,Kebon Jeruk,,,,Sedang Dipinjam,Dikonfirmasi & diambil oleh peminjam — Agus Ajat,2026-06-17 04:00:44.144726+00,2026-06-17 08:53:57.601+00,kuasa,2026-06-17 04:00:44.144726+00,2026-06-17 08:53:57.606833+00,register,Agus Ajat,2026-06-17 08:53:57.601+00,,,BT,
c6a47206-e4a5-45bb-a9b4-5a4e0d031d93,REG-2026-50483,KUASA — ARIF,kuasa@gmail.com,PERALIHAN HAK JUAL BELI,172,HM,Duri Selatan,Tambora,,,,Sedang Dipinjam,Dikonfirmasi & diambil oleh peminjam — Agus Ajat,2026-06-17 04:00:44.144726+00,2026-06-17 08:53:58.188+00,kuasa,2026-06-17 04:00:44.144726+00,2026-06-17 08:53:58.195868+00,register,Agus Ajat,2026-06-17 08:53:58.188+00,,,BT,
6ef63bde-6ab9-418d-abcf-c55a79f95b63,REG-2026-50484,KUASA — ARIF,kuasa@gmail.com,PERALIHAN HAK JUAL BELI,2831,HM,Palmerah,Palmerah,,,,Sedang Dipinjam,Dikonfirmasi & diambil oleh peminjam — Agus Ajat,2026-06-17 04:00:44.144726+00,2026-06-17 08:53:57.977+00,kuasa,2026-06-17 04:00:44.144726+00,2026-06-17 08:53:57.981862+00,register,Agus Ajat,2026-06-17 08:53:57.977+00,,,BT,
37e26893-29e9-4f82-9bed-d5eceee6c7c6,REG-2026-50485,KUASA — ARIF,kuasa@gmail.com,PERALIHAN HAK JUAL BELI,2988,HGB,Pekojan,Tambora,,,,Sedang Dipinjam,Dikonfirmasi & diambil oleh peminjam — Agus Ajat,2026-06-17 04:00:44.144726+00,2026-06-17 08:53:57.649+00,kuasa,2026-06-17 04:00:44.144726+00,2026-06-17 08:53:57.654898+00,register,Agus Ajat,2026-06-17 08:53:57.649+00,,,BT,
63f67dfe-b6df-4521-8c16-1ad9708ae4c9,REG-2026-50486,KUASA — ARIF,kuasa@gmail.com,PERALIHAN HAK JUAL BELI,617,HM,Krendang,Tambora,,,,Sedang Dipinjam,Dikonfirmasi & diambil oleh peminjam — Agus Ajat,2026-06-17 04:00:44.144726+00,2026-06-17 08:53:57.926+00,kuasa,2026-06-17 04:00:44.144726+00,2026-06-17 08:53:57.932669+00,register,Agus Ajat,2026-06-17 08:53:57.926+00,,,BT,
bbbd0a35-9aa6-48df-9a43-d187fa8ebe1e,REG-2026-50487,KUASA — ARIF,kuasa@gmail.com,PERALIHAN HAK JUAL BELI,9501,HM,Duri Kepa,Kebon Jeruk,,,,Sedang Dipinjam,Dikonfirmasi & diambil oleh peminjam — Agus Ajat,2026-06-17 04:00:44.144726+00,2026-06-17 08:53:58.034+00,kuasa,2026-06-17 04:00:44.144726+00,2026-06-17 08:53:58.040526+00,register,Agus Ajat,2026-06-17 08:53:58.034+00,,,BT,
58e7ef54-35c8-4b97-b6ee-ef29eeb7cbea,REG-2026-50488,KUASA — ARIF,kuasa@gmail.com,PERALIHAN HAK JUAL BELI,10935,HMSRS,Tanjung Duren Selatan,Grogol Petamburan,,,,Sedang Dipinjam,Dikonfirmasi & diambil oleh peminjam — Agus Ajat,2026-06-17 04:00:44.144726+00,2026-06-17 08:53:57.75+00,kuasa,2026-06-17 04:00:44.144726+00,2026-06-17 08:53:57.756574+00,register,Agus Ajat,2026-06-17 08:53:57.75+00,,,BT,
b5f37d8c-3ece-4fb8-bbc5-904c9269acfc,REG-2026-50489,KUASA — ARIF,kuasa@gmail.com,PERALIHAN HAK JUAL BELI,14314,HMSRS,Tanjung Duren Selatan,Grogol Petamburan,,,,Sedang Dipinjam,Dikonfirmasi & diambil oleh peminjam — Agus Ajat,2026-06-17 04:00:44.144726+00,2026-06-17 08:53:57.801+00,kuasa,2026-06-17 04:00:44.144726+00,2026-06-17 08:53:57.808361+00,register,Agus Ajat,2026-06-17 08:53:57.801+00,,,BT,
d8d1df4a-b011-4851-92d4-fcbb03c5ba21,REG-2026-83160,PRIORITAS — DANNY,prioritas@gmail.com,PENGUKURAN ULANG DAN PEMETAAN KADASTRAL,7080,HM,Kalideres,Kalideres,,,,Sedang Dipinjam,Dikonfirmasi & diambil oleh peminjam — Agus Ajat,2026-06-17 04:08:10.313757+00,2026-06-17 04:28:30.284+00,prioritas,2026-06-17 04:08:10.313757+00,2026-06-17 04:28:30.285177+00,register,Agus Ajat,2026-06-17 04:28:30.284+00,,,BT,
28c9361f-5bd9-4cb7-8625-734227c36235,REG-2026-49520,PRIORITAS — DANNY,prioritas@gmail.com,GANTI BLANKO / RUSAK,8857,HM,Meruya Utara,Kembangan,,,,Sedang Dipinjam,Dikonfirmasi & diambil oleh peminjam — Agus Ajat,2026-06-17 04:12:56.95233+00,2026-06-17 04:28:30.235+00,prioritas,2026-06-17 04:12:56.95233+00,2026-06-17 04:28:30.236913+00,register,Agus Ajat,2026-06-17 04:28:30.235+00,,,BT,
afe77c25-a65f-4e48-88cb-13d941d2daf0,REG-2026-07120,PRIORITAS — DISTA,prioritas@gmail.com,GANTI BLANKO / RUSAK,9774,HM,Cengkareng Timur,Cengkareng,,,,Sedang Dipinjam,Dikonfirmasi & diambil oleh peminjam — Agus Ajat,2026-06-17 04:20:06.949805+00,2026-06-17 04:28:30.17+00,prioritas,2026-06-17 04:20:06.949805+00,2026-06-17 04:28:30.179844+00,register,Agus Ajat,2026-06-17 04:28:30.17+00,,,BT,
2ed62606-5967-4f5d-b82c-9069951fe7a3,REG-2026-53430,PRIORITAS — DANNY,prioritas@gmail.com,ROYA,1972,HGB,Pinangsia,Taman Sari,,,8118/2007;8846/2010;960/2013;11314/2015,Sedang Dipinjam,Dikonfirmasi & diambil oleh peminjam — Agus Ajat,2026-06-17 04:26:56.76443+00,2026-06-17 05:06:44.418+00,prioritas,2026-06-17 04:26:56.76443+00,2026-06-17 05:06:44.423622+00,register,Agus Ajat,2026-06-17 05:06:44.418+00,,,BT & HT,
084251db-9205-40b2-a413-8ff907b5c215,REG-2026-89980,PHP — SATAL (20096/2026),kuasa@gmail.com,PERMOHONAN SK,2662,HGB,Roa Malaka,Tambora,,,,Sedang Dipinjam,Dikonfirmasi & diambil oleh peminjam — Agus Ajat,2026-06-17 04:28:19.075944+00,2026-06-17 08:53:57.552+00,kuasa,2026-06-17 04:28:19.075944+00,2026-06-17 08:53:57.558358+00,register,Agus Ajat,2026-06-17 08:53:57.552+00,,,BT,
8122aed2-11f3-412f-b553-7214a5d197bd,REG-2026-15100,PRIORITAS — DANNY,prioritas@gmail.com,ROYA,3084,HGB,Pinangsia,Taman Sari,,,5248/2016,Sedang Dipinjam,Dikonfirmasi & diambil oleh peminjam — Agus Ajat,2026-06-17 04:29:41.530765+00,2026-06-17 05:06:44.337+00,prioritas,2026-06-17 04:29:41.530765+00,2026-06-17 05:06:44.352423+00,register,Agus Ajat,2026-06-17 05:06:44.337+00,,,BT & HT,
89f6d341-0ba4-4459-a90a-fff379ee3d8a,REG-2026-51030,PHP — SATAL (33506/2026),kuasa@gmail.com,PERMOHONAN SK,647,HGB,Jembatan Besi,Tambora,,,,Sedang Dipinjam,Dikonfirmasi & diambil oleh peminjam — Agus Ajat,2026-06-17 04:30:05.200308+00,2026-06-17 08:53:57.504+00,kuasa,2026-06-17 04:30:05.200308+00,2026-06-17 08:53:57.510793+00,register,Agus Ajat,2026-06-17 08:53:57.504+00,,,BT,
b2c6fdd4-243d-473d-bfce-99465ee6200a,REG-2026-37320,PHP — Hendra,php@gmail.com,PENGHAPUSAN BPHTB,14154,HM,Duri Kosambi,Cengkareng,,,,Sedang Dipinjam,Dikonfirmasi & diambil oleh peminjam — Agus Ajat,2026-06-17 04:35:25.41165+00,2026-06-17 08:54:17.567+00,php,2026-06-17 04:35:25.41165+00,2026-06-17 08:54:17.575665+00,register,Agus Ajat,2026-06-17 08:54:17.567+00,,,BT,
3d867db5-8080-4026-80b5-01eaf5a86cec,REG-2026-37321,PHP — Hendra,php@gmail.com,PENGHAPUSAN BPHTB,01877,HGB,Jembatan Lima,Tambora,,,,Sedang Dipinjam,Dikonfirmasi & diambil oleh peminjam — Agus Ajat,2026-06-17 04:35:25.41165+00,2026-06-17 08:54:17.626+00,php,2026-06-17 04:35:25.41165+00,2026-06-17 08:54:17.629989+00,register,Agus Ajat,2026-06-17 08:54:17.626+00,,,BT,
cda0366e-dc0d-4260-b36f-1c0af019561a,REG-2026-37322,PHP — Hendra,php@gmail.com,PENGHAPUSAN BPHTB,03533,HGB,Tanah Sereal,Tambora,,,,Sedang Dipinjam,Dikonfirmasi & diambil oleh peminjam — Agus Ajat,2026-06-17 04:35:25.41165+00,2026-06-17 08:54:17.676+00,php,2026-06-17 04:35:25.41165+00,2026-06-17 08:54:17.682003+00,register,Agus Ajat,2026-06-17 08:54:17.676+00,,,BT,
d94bdafc-f9f8-4fda-86a3-c134f0f1ca24,REG-2026-46310,PRIORITAS — DISTA,prioritas@gmail.com,PENGHAPUSAN BPHTB,02832,HGB,Kebon Jeruk,Kebon Jeruk,,,,Sedang Dipinjam,Dikonfirmasi & diambil oleh peminjam — Agus Ajat,2026-06-17 04:36:50.880526+00,2026-06-17 04:45:58.179+00,prioritas,2026-06-17 04:36:50.880526+00,2026-06-17 04:45:58.198259+00,register,Agus Ajat,2026-06-17 04:45:58.179+00,,,BT,
263a9987-dc1e-459f-898b-bd9aa3f8dc6a,REG-2026-39190,KUASA — RIKI,kuasa@gmail.com,PEMECAHAN BIDANG,4522,HM,Kembangan Selatan,Kembangan,199/2008,,,Sudah Dikembalikan,Dikonfirmasi & diambil oleh peminjam — Agus Ajat,2026-06-17 05:05:59.850492+00,2026-06-19 04:16:41.274+00,kuasa,2026-06-17 05:05:59.850492+00,2026-06-19 04:16:41.261313+00,register,Agus Ajat,2026-06-18 04:05:23.468+00,,,BT & SU,
3b8d2e26-e978-49ec-82aa-4b71ab043566,REG-2026-37010,KUASA — RIKI,kuasa@gmail.com,PEMECAHAN BIDANG,05666,HM,Semanan,Kalideres,1753/1999,,,Sedang Dipinjam,Dikonfirmasi & diambil oleh peminjam — Agus Ajat,2026-06-17 05:07:08.529303+00,2026-06-18 04:05:23.368+00,kuasa,2026-06-17 05:07:08.529303+00,2026-06-18 04:05:23.377952+00,register,Agus Ajat,2026-06-18 04:05:23.368+00,,,BT & SU,
ccbf3eaa-4c06-4423-a14d-6ad27782c174,REG-2026-36650,KUASA — RIKI,kuasa@gmail.com,PEMECAHAN BIDANG,2412,HM,Kamal,Kalideres,6403/1999,,,Sedang Dipinjam,Dikonfirmasi & diambil oleh peminjam — Agus Ajat,2026-06-17 05:08:28.513423+00,2026-06-18 04:05:23.264+00,kuasa,2026-06-17 05:08:28.513423+00,2026-06-18 04:05:23.270527+00,register,Agus Ajat,2026-06-18 04:05:23.264+00,,,BT & SU,
ee61e8ea-ed04-463f-95e8-afd0e5c0d5d3,REG-2026-70430,KUASA — RIKI,kuasa@gmail.com,PEMECAHAN BIDANG,536,HM,Kota Bambu Selatan,Palmerah,219/2011,,,Sedang Dipinjam,Dikonfirmasi & diambil oleh peminjam — Agus Ajat,2026-06-17 05:09:12.212815+00,2026-06-18 04:05:23.169+00,kuasa,2026-06-17 05:09:12.212815+00,2026-06-18 04:05:23.17453+00,register,Agus Ajat,2026-06-18 04:05:23.169+00,,,BT & SU,
008aa560-f67b-4570-9114-62061c87154e,REG-2026-07170,KUASA — RIKI,kuasa@gmail.com,PEMISAHAN BIDANG,8527,HGB,Cengkareng Timur,Cengkareng,272/2007,,,Sedang Dipinjam,Dikonfirmasi & diambil oleh peminjam — Agus Ajat,2026-06-17 05:10:15.541836+00,2026-06-18 04:05:23.07+00,kuasa,2026-06-17 05:10:15.541836+00,2026-06-18 04:05:23.076358+00,register,Agus Ajat,2026-06-18 04:05:23.07+00,,,BT & SU,
5b20f45a-0955-4e5b-ac16-2929868ecd0a,REG-2026-79510,KUASA — RIKI,kuasa@gmail.com,PEMECAHAN BIDANG,9508,HM,Kamal,Kalideres,2005/1999,,,Sedang Dipinjam,Dikonfirmasi & diambil oleh peminjam — Agus Ajat,2026-06-17 05:11:12.793218+00,2026-06-18 04:05:22.964+00,kuasa,2026-06-17 05:11:12.793218+00,2026-06-18 04:05:22.970072+00,register,Agus Ajat,2026-06-18 04:05:22.964+00,,,BT & SU,
0e110145-fc34-4802-86bd-2f0b434d0ee0,REG-2026-91710,KUASA — RIKI,kuasa@gmail.com,PEMECAHAN BIDANG,16196,HM,Duri Kosambi,Cengkareng,4830/2025,,,Sedang Dipinjam,Dikonfirmasi & diambil oleh peminjam — Agus Ajat,2026-06-17 05:12:34.017306+00,2026-06-18 04:05:22.865+00,kuasa,2026-06-17 05:12:34.017306+00,2026-06-18 04:05:22.871207+00,register,Agus Ajat,2026-06-18 04:05:22.865+00,,,BT & SU,
8da8c3b6-6767-412c-859d-c4117d80719e,REG-2026-50460,KUASA — RIKI,kuasa@gmail.com,PEMECAHAN BIDANG,11681,HM,Rawa Buaya,Cengkareng,1703/2018,,,Sedang Dipinjam,Dikonfirmasi & diambil oleh peminjam — Agus Ajat,2026-06-17 05:13:49.886439+00,2026-06-18 04:05:22.756+00,kuasa,2026-06-17 05:13:49.886439+00,2026-06-18 04:05:22.774414+00,register,Agus Ajat,2026-06-18 04:05:22.756+00,,,BT & SU,
87e21533-b2c3-455c-8dbe-3fe00a1f9c2a,REG-2026-44890,KUASA — RIKI,kuasa@gmail.com,PEMECAHAN BIDANG,10166,HM,Meruya Utara,Kembangan,689/2016,,,Sedang Dipinjam,Dikonfirmasi & diambil oleh peminjam — Agus Ajat,2026-06-17 05:14:49.329494+00,2026-06-18 04:05:22.65+00,kuasa,2026-06-17 05:14:49.329494+00,2026-06-18 04:05:22.654967+00,register,Agus Ajat,2026-06-18 04:05:22.65+00,,,BT & SU,
10376116-dfad-4997-927e-2658e9801bad,REG-2026-95930,KUASA — LOKET ARIF,ajat@gmail.com,PERALIHAN HAK JUAL BELI,14363,HM,Pegadungan,Kalideres,,,,Sedang Dipinjam,Dikonfirmasi & diambil oleh peminjam — Agus Ajat,2026-06-17 06:33:08.069297+00,2026-06-17 08:53:57.403+00,agusajat,2026-06-17 06:33:08.069297+00,2026-06-17 08:53:57.408744+00,register,Agus Ajat,2026-06-17 08:53:57.403+00,,,BT,
8b57932e-33ca-4682-af73-97b0928146a8,REG-2026-95931,KUASA — LOKET ARIF,ajat@gmail.com,PERALIHAN HAK JUAL BELI,3804,HM,Kalideres,Kalideres,,,,Sedang Dipinjam,Dikonfirmasi & diambil oleh peminjam — Agus Ajat,2026-06-17 06:33:08.069297+00,2026-06-17 08:53:57.455+00,agusajat,2026-06-17 06:33:08.069297+00,2026-06-17 08:53:57.459614+00,register,Agus Ajat,2026-06-17 08:53:57.455+00,,,BT,
94a4b114-f070-486b-aa6a-c8c9592911ed,REG-2026-57770,PHP — Hendra,php@gmail.com,PENGHAPUSAN BPHTB,08089,HM,Kapuk,Cengkareng,,,,Sedang Dipinjam,Dikonfirmasi & diambil oleh peminjam — Agus Ajat,2026-06-17 06:35:47.471146+00,2026-06-17 08:07:45.419+00,php,2026-06-17 06:35:47.471146+00,2026-06-17 08:07:45.439705+00,register,Agus Ajat,2026-06-17 08:07:45.419+00,,,BT,
aa1fbab8-36fa-4c01-950a-821968ae759d,REG-2026-57771,PHP — Hendra,php@gmail.com,PENGHAPUSAN BPHTB,03354,HGB,Pekojan,Tambora,,,,Sedang Dipinjam,Dikonfirmasi & diambil oleh peminjam — Agus Ajat,2026-06-17 06:35:47.471146+00,2026-06-17 08:07:45.465+00,php,2026-06-17 06:35:47.471146+00,2026-06-17 08:07:45.485419+00,register,Agus Ajat,2026-06-17 08:07:45.465+00,,,BT,
7f317ada-6d64-48bd-972a-508fdc0d698f,REG-2026-10640,PRIORITAS — DANNY,prioritas@gmail.com,ROYA,3619,HM,Cengkareng Timur,Cengkareng,,,377/2020,Sedang Dipinjam,Dikonfirmasi & diambil oleh peminjam — Agus Ajat,2026-06-17 06:39:11.222623+00,2026-06-17 08:07:45.372+00,prioritas,2026-06-17 06:39:11.222623+00,2026-06-17 08:07:45.392884+00,register,Agus Ajat,2026-06-17 08:07:45.372+00,,,BT & HT,
68dacb17-e43e-4fb8-a114-32ca72ce6749,REG-2026-54860,PRIORITAS — DISTA,prioritas@gmail.com,PENGHAPUSAN BPHTB,02369,HGB,Jatipulo,Palmerah,,,,Sedang Dipinjam,Dikonfirmasi & diambil oleh peminjam — Agus Ajat,2026-06-17 06:47:25.508957+00,2026-06-17 08:07:45.323+00,prioritas,2026-06-17 06:47:25.508957+00,2026-06-17 08:07:45.34532+00,register,Agus Ajat,2026-06-17 08:07:45.323+00,,,BT,
a56d8a05-4ddb-47be-834a-ce2d6ec41de8,REG-2026-66460,KUASA — LOKET OJAN,ajat@gmail.com,SKPT,1328,HGB,Tangki,Taman Sari,,,,Sedang Dipinjam,Dikonfirmasi & diambil oleh peminjam — Agus Ajat,2026-06-17 06:57:30.325675+00,2026-06-17 08:07:45.214+00,agusajat,2026-06-17 06:57:30.325675+00,2026-06-17 08:07:45.234869+00,register,Agus Ajat,2026-06-17 08:07:45.214+00,,,BT,
aa28f1c9-8381-4731-958c-acb67833f1eb,REG-2026-66461,KUASA — LOKET OJAN,ajat@gmail.com,SKPT,1329,HGB,Tangki,Taman Sari,,,,Sedang Dipinjam,Dikonfirmasi & diambil oleh peminjam — Agus Ajat,2026-06-17 06:57:30.325675+00,2026-06-17 08:07:45.276+00,agusajat,2026-06-17 06:57:30.325675+00,2026-06-17 08:07:45.297488+00,register,Agus Ajat,2026-06-17 08:07:45.276+00,,,BT,
181bc01d-3c4c-4b6d-bb25-87aff89d68d5,REG-2026-97710,PRIORITAS — DANNY,prioritas@gmail.com,PENGHAPUSAN BPHTB,7556,HGB,Wijaya Kusuma,Grogol Petamburan,,,,Sedang Dipinjam,Dikonfirmasi & diambil oleh peminjam — Agus Ajat,2026-06-17 07:04:19.962197+00,2026-06-17 08:53:57.351+00,prioritas,2026-06-17 07:04:19.962197+00,2026-06-17 08:53:57.357094+00,register,Agus Ajat,2026-06-17 08:53:57.351+00,,,BT,
e9681cbd-0511-47d5-a1aa-fcb3a48011cd,REG-2026-67270,PRIORITAS — DISTA,prioritas@gmail.com,PERALIHAN HAK WARIS,01096,HGB,Kota Bambu Selatan,Palmerah,,,,Sedang Dipinjam,Dikonfirmasi & diambil oleh peminjam — Agus Ajat,2026-06-17 07:09:36.795178+00,2026-06-17 08:53:57.298+00,prioritas,2026-06-17 07:09:36.795178+00,2026-06-17 08:53:57.304911+00,register,Agus Ajat,2026-06-17 08:53:57.298+00,,,BT,
3cdd8d57-e3ab-415a-98c0-1914c334d144,REG-2026-49030,KUASA — LOKET RIKI,ajat@gmail.com,PEMECAHAN BIDANG,6599,HM,Rawa Buaya,Cengkareng,,,,Sedang Dipinjam,Dikonfirmasi & diambil oleh peminjam — Agus Ajat,2026-06-17 07:10:33.481147+00,2026-06-18 04:05:22.554+00,agusajat,2026-06-17 07:10:33.481147+00,2026-06-18 04:05:22.558449+00,register,Agus Ajat,2026-06-18 04:05:22.554+00,,,BT & SU,
538ba982-7e4b-4fa9-b938-0874e08cad9f,REG-2026-68540,KUASA — LOKET OJAN,ajat@gmail.com,SKPT,2992,HGB,Kapuk,Cengkareng,,,,Sedang Dipinjam,Dikonfirmasi & diambil oleh peminjam — Agus Ajat,2026-06-17 07:24:25.824011+00,2026-06-17 08:53:57.25+00,agusajat,2026-06-17 07:24:25.824011+00,2026-06-17 08:53:57.255405+00,register,Agus Ajat,2026-06-17 08:53:57.25+00,,,BT,
5e30102e-bc20-4cb0-91a7-a48c6a529d68,REG-2026-91390,PHP — Saraya,php@gmail.com,SKPT,15913,HM,Duri Kosambi,Cengkareng,,,,Sedang Dipinjam,Dikonfirmasi & diambil oleh peminjam — Agus Ajat,2026-06-17 07:31:30.834251+00,2026-06-17 08:07:45.104+00,php,2026-06-17 07:31:30.834251+00,2026-06-17 08:07:45.124519+00,register,Agus Ajat,2026-06-17 08:07:45.104+00,,,BT,
ad3f4572-e5ce-4efe-8a51-de320d1b1413,REG-2026-91391,PHP — Saraya,php@gmail.com,SKPT,9592,HM,Meruya Selatan,Kembangan,,,,Sudah Dikembalikan,Dikonfirmasi & diambil oleh peminjam — Agus Ajat,2026-06-17 07:31:30.834251+00,2026-06-18 07:59:39.075+00,php,2026-06-17 07:31:30.834251+00,2026-06-18 07:59:39.105396+00,register,Agus Ajat,2026-06-17 08:07:45.149+00,,,BT,
f327fadd-a6f2-4b15-8123-f82199ecacc8,REG-2026-94150,PRIORITAS — DISTA,prioritas@gmail.com,PEMECAHAN BIDANG,11533,HM,Semanan,Kalideres,,,,Sedang Dipinjam,Dikonfirmasi & diambil oleh peminjam — Agus Ajat,2026-06-17 07:34:29.49588+00,2026-06-17 08:07:45.055+00,prioritas,2026-06-17 07:34:29.49588+00,2026-06-17 08:07:45.075821+00,register,Agus Ajat,2026-06-17 08:07:45.055+00,,,BT,
dbae90bb-3a35-41ad-aae4-490948d44452,REG-2026-83080,PRIORITAS — DANNY,prioritas@gmail.com,PERMOHONAN SK,214,HP,Cengkareng Barat,Cengkareng,,,,Sedang Dipinjam,Dikonfirmasi & diambil oleh peminjam — Agus Ajat,2026-06-17 07:44:38.503002+00,2026-06-17 08:07:44.951+00,prioritas,2026-06-17 07:44:38.503002+00,2026-06-17 08:07:44.989477+00,register,Agus Ajat,2026-06-17 08:07:44.951+00,,,BT,
5f8347b9-52a6-4e97-8995-88fa0db7e28b,REG-2026-49280,KUASA — LOKET ENO,ajat@gmail.com,PERPANJANGAN HGB,732,HGB,Palmerah,Palmerah,,,,Sedang Dipinjam,Dikonfirmasi & diambil oleh peminjam — Agus Ajat,2026-06-17 08:06:53.562527+00,2026-06-19 10:27:30.367+00,agusajat,2026-06-17 08:06:53.562527+00,2026-06-19 10:27:30.368115+00,register,Agus Ajat,2026-06-19 10:27:30.367+00,,,BT,
f880816a-6b8d-4ef0-9634-81fb5d22e6a8,REG-2026-30430,KUASA — RIA OKTAVIANTI,kuasa@gmail.com,GANTI BLANKO / RUSAK,8051,HGB,Duri Kosambi,Cengkareng,,,,Sedang Dipinjam,Dikonfirmasi & diambil oleh peminjam — Agus Ajat,2026-06-17 08:14:43.876283+00,2026-06-17 08:53:57.04+00,kuasa,2026-06-17 08:14:43.876283+00,2026-06-17 08:53:57.051821+00,register,Agus Ajat,2026-06-17 08:53:57.04+00,,,BT,
f820f926-28d7-470e-b266-eb53ce2e28af,REG-2026-30431,KUASA — RIA OKTAVIANTI,kuasa@gmail.com,GANTI BLANKO / RUSAK,8057,HGB,Duri Kosambi,Cengkareng,,,,Sedang Dipinjam,Dikonfirmasi & diambil oleh peminjam — Agus Ajat,2026-06-17 08:14:43.876283+00,2026-06-17 08:53:57.1+00,kuasa,2026-06-17 08:14:43.876283+00,2026-06-17 08:53:57.106247+00,register,Agus Ajat,2026-06-17 08:53:57.1+00,,,BT,
07ceb65e-9a29-48ec-8aa7-3f6909154b04,REG-2026-30432,KUASA — RIA OKTAVIANTI,kuasa@gmail.com,GANTI BLANKO / RUSAK,8053,HGB,Duri Kosambi,Cengkareng,,,,Sedang Dipinjam,Dikonfirmasi & diambil oleh peminjam — Agus Ajat,2026-06-17 08:14:43.876283+00,2026-06-17 08:53:57.15+00,kuasa,2026-06-17 08:14:43.876283+00,2026-06-17 08:53:57.156362+00,register,Agus Ajat,2026-06-17 08:53:57.15+00,,,BT,
054a2803-df59-4036-bef8-1b777dfd42d4,REG-2026-30433,KUASA — RIA OKTAVIANTI,kuasa@gmail.com,GANTI BLANKO / RUSAK,8054,HGB,Duri Kosambi,Cengkareng,,,,Sedang Dipinjam,Dikonfirmasi & diambil oleh peminjam — Agus Ajat,2026-06-17 08:14:43.876283+00,2026-06-17 08:53:57.199+00,kuasa,2026-06-17 08:14:43.876283+00,2026-06-17 08:53:57.206865+00,register,Agus Ajat,2026-06-17 08:53:57.199+00,,,BT,
c3bfe89c-2bcb-4573-8e1f-68c88868c288,REG-2026-75700,PRIORITAS — dista,prioritas@gmail.com,ROYA,2693,HM,Tomang,Grogol Petamburan,,,02977/2019,Sedang Dipinjam,Dikonfirmasi & diambil oleh peminjam — Agus Ajat,2026-06-17 08:16:37.93199+00,2026-06-17 08:53:56.941+00,prioritas,2026-06-17 08:16:37.93199+00,2026-06-17 08:53:56.964+00,register,Agus Ajat,2026-06-17 08:53:56.941+00,,,BT & HT,
a2a59528-bfb7-4977-99d2-4f04db8f8a8d,REG-2026-59500,LOKET BLOKIR,blokir@gmail.com,PENCATATAN PERKARA & SITA,5565,HM,Duri Kepa,Kebon Jeruk,,,,Proses Dikembalikan,Dikonfirmasi & diambil oleh peminjam — Agus Ajat,2026-06-17 08:33:53.246788+00,2026-06-19 08:16:26.369+00,blokir,2026-06-17 08:33:53.246788+00,2026-06-19 08:16:26.386931+00,register,Agus Ajat,2026-06-17 08:52:02.249+00,,,BT,
664b4bbc-b5c2-4bfd-a461-8ca69b7544f8,REG-2026-53420,LOKET BLOKIR,blokir@gmail.com,PENCATATAN PERKARA & SITA,5570,HM,Duri Kepa,Kebon Jeruk,,,,Proses Dikembalikan,Dikonfirmasi & diambil oleh peminjam — Agus Ajat,2026-06-17 08:35:22.650593+00,2026-06-19 08:16:23.864+00,blokir,2026-06-17 08:35:22.650593+00,2026-06-19 08:16:23.8928+00,register,Agus Ajat,2026-06-17 08:52:02.198+00,,,BT,
9c288b8e-f3f8-4d9a-939b-d2a03e873fc3,REG-2026-11580,LOKET BLOKIR,blokir@gmail.com,FOTO COPY,1581,HM,Tomang,Grogol Petamburan,,,,Sudah Dikembalikan,,2026-06-17 08:36:58.489204+00,2026-06-17 09:06:40.356+00,blokir,2026-06-17 08:36:58.489204+00,2026-06-17 09:06:40.363995+00,register,Agus Ajat,2026-06-17 08:52:02.085+00,,,BT,
6b5aaee3-e855-4fbb-9cfb-d07b19e8f79b,REG-2026-75580,PHP — Saraya,php@gmail.com,SKPT,11419,HM,Tegal Alur,Kalideres,,,,Sedang Dipinjam,Dikonfirmasi & diambil oleh peminjam — Agus Ajat,2026-06-17 08:58:09.5267+00,2026-06-17 10:16:45.029+00,php,2026-06-17 08:58:09.5267+00,2026-06-17 10:16:45.041371+00,register,Agus Ajat,2026-06-17 10:16:45.029+00,,,BT,
15be7f75-05f8-4c7f-a088-a413f5917c98,REG-2026-75581,PHP — Saraya,php@gmail.com,SKPT,1179,HM,Srengseng,Kembangan,,,,Sedang Dipinjam,Dikonfirmasi & diambil oleh peminjam — Agus Ajat,2026-06-17 08:58:09.5267+00,2026-06-17 10:16:45.124+00,php,2026-06-17 08:58:09.5267+00,2026-06-17 10:16:45.125037+00,register,Agus Ajat,2026-06-17 10:16:45.124+00,,,BT,
e9e2b656-09fb-4e62-b6a7-01552bfc26a1,REG-2026-755810,PHP — Saraya,php@gmail.com,SKPT,481,HM,Pinangsia,Taman Sari,,,,Sedang Dipinjam,Dikonfirmasi & diambil oleh peminjam — Agus Ajat,2026-06-17 08:58:09.5267+00,2026-06-17 10:16:45.753+00,php,2026-06-17 08:58:09.5267+00,2026-06-17 10:16:45.75182+00,register,Agus Ajat,2026-06-17 10:16:45.753+00,,,BT,
b450b4b4-b077-4187-8fb7-2e268740c13e,REG-2026-755811,PHP — Saraya,php@gmail.com,SKPT,13818,HM,Cengkareng Barat,Cengkareng,,,,Sedang Dipinjam,Dikonfirmasi & diambil oleh peminjam — Agus Ajat,2026-06-17 08:58:09.5267+00,2026-06-17 10:16:45.478+00,php,2026-06-17 08:58:09.5267+00,2026-06-17 10:16:45.475315+00,register,Agus Ajat,2026-06-17 10:16:45.478+00,,,BT,
81cc8f48-bf28-4698-85ca-5b2e0e99bd82,REG-2026-755812,PHP — Saraya,php@gmail.com,SKPT,15479,HM,Cengkareng Barat,Cengkareng,,,,Sedang Dipinjam,Dikonfirmasi & diambil oleh peminjam — Agus Ajat,2026-06-17 08:58:09.5267+00,2026-06-17 10:16:45.363+00,php,2026-06-17 08:58:09.5267+00,2026-06-17 10:16:45.365572+00,register,Agus Ajat,2026-06-17 10:16:45.363+00,,,BT,
15aa2393-83f6-4165-b3a5-b1485124cb75,REG-2026-755813,PHP — Saraya,php@gmail.com,SKPT,10081,HM,Rawa Buaya,Cengkareng,,,,Sedang Dipinjam,Dikonfirmasi & diambil oleh peminjam — Agus Ajat,2026-06-17 08:58:09.5267+00,2026-06-17 10:16:45.641+00,php,2026-06-17 08:58:09.5267+00,2026-06-17 10:16:45.635504+00,register,Agus Ajat,2026-06-17 10:16:45.641+00,,,BT,
7e91a6cb-5788-4325-8ac7-12a440b2f6d1,REG-2026-75582,PHP — Saraya,php@gmail.com,SKPT,2886,HGB,Pinangsia,Taman Sari,,,,Sedang Dipinjam,Dikonfirmasi & diambil oleh peminjam — Agus Ajat,2026-06-17 08:58:09.5267+00,2026-06-17 10:16:45.534+00,php,2026-06-17 08:58:09.5267+00,2026-06-17 10:16:45.530974+00,register,Agus Ajat,2026-06-17 10:16:45.534+00,,,BT,
b94ef064-d220-44cb-b263-629c559db4cf,REG-2026-75583,PHP — Saraya,php@gmail.com,SKPT,8242,HM,Srengseng,Kembangan,,,,Sedang Dipinjam,Dikonfirmasi & diambil oleh peminjam — Agus Ajat,2026-06-17 08:58:09.5267+00,2026-06-17 10:16:45.19+00,php,2026-06-17 08:58:09.5267+00,2026-06-17 10:16:45.186166+00,register,Agus Ajat,2026-06-17 10:16:45.19+00,,,BT,
6fd564f5-8a4c-4a18-b8aa-fc4400432a34,REG-2026-75584,PHP — Saraya,php@gmail.com,SKPT,10079,HM,Rawa Buaya,Cengkareng,,,,Sedang Dipinjam,Dikonfirmasi & diambil oleh peminjam — Agus Ajat,2026-06-17 08:58:09.5267+00,2026-06-17 10:16:45.807+00,php,2026-06-17 08:58:09.5267+00,2026-06-17 10:16:45.803118+00,register,Agus Ajat,2026-06-17 10:16:45.807+00,,,BT,
43f41086-0349-4413-892d-895c67f8c364,REG-2026-75585,PHP — Saraya,php@gmail.com,SKPT,7146,HM,Meruya Selatan,Kembangan,,,,Sedang Dipinjam,Dikonfirmasi & diambil oleh peminjam — Agus Ajat,2026-06-17 08:58:09.5267+00,2026-06-17 10:16:45.589+00,php,2026-06-17 08:58:09.5267+00,2026-06-17 10:16:45.585868+00,register,Agus Ajat,2026-06-17 10:16:45.589+00,,,BT,
741e43b9-1a1a-45b8-98ec-eaf2cf0964b5,REG-2026-75586,PHP — Saraya,php@gmail.com,SKPT,9977,HM,Pegadungan,Kalideres,,,,Sedang Dipinjam,Dikonfirmasi & diambil oleh peminjam — Agus Ajat,2026-06-17 08:58:09.5267+00,2026-06-17 10:16:45.422+00,php,2026-06-17 08:58:09.5267+00,2026-06-17 10:16:45.419835+00,register,Agus Ajat,2026-06-17 10:16:45.422+00,,,BT,
d59cce92-8a28-454c-ad29-ff2996787eb4,REG-2026-75587,PHP — Saraya,php@gmail.com,SKPT,1404,HM,Kembangan Selatan,Kembangan,,,,Sedang Dipinjam,Dikonfirmasi & diambil oleh peminjam — Agus Ajat,2026-06-17 08:58:09.5267+00,2026-06-17 10:16:45.253+00,php,2026-06-17 08:58:09.5267+00,2026-06-17 10:16:45.248815+00,register,Agus Ajat,2026-06-17 10:16:45.253+00,,,BT,
ff292685-b24a-454d-a423-10c13bb947a5,REG-2026-75588,PHP — Saraya,php@gmail.com,SKPT,201,HM,Glodok,Taman Sari,,,,Sedang Dipinjam,Dikonfirmasi & diambil oleh peminjam — Agus Ajat,2026-06-17 08:58:09.5267+00,2026-06-17 10:16:45.307+00,php,2026-06-17 08:58:09.5267+00,2026-06-17 10:16:45.302797+00,register,Agus Ajat,2026-06-17 10:16:45.307+00,,,BT,
6a5474ca-a779-462c-aff6-e9b87bd9c09d,REG-2026-75589,PHP — Saraya,php@gmail.com,SKPT,13811,HM,Tegal Alur,Kalideres,,,,Sedang Dipinjam,Dikonfirmasi & diambil oleh peminjam — Agus Ajat,2026-06-17 08:58:09.5267+00,2026-06-17 10:16:45.695+00,php,2026-06-17 08:58:09.5267+00,2026-06-17 10:16:45.697035+00,register,Agus Ajat,2026-06-17 10:16:45.695+00,,,BT,
28e37b83-5651-4374-9c23-1833b170928b,REG-2026-57290,PHP — Sri Lestari,php@gmail.com,PENDAFTARAN SK,601,HGB,Rawa Buaya,Cengkareng,,,,Sedang Dipinjam,Dikonfirmasi & diambil oleh peminjam — Agus Ajat,2026-06-17 08:59:27.42353+00,2026-06-18 04:05:22.426+00,php,2026-06-17 08:59:27.42353+00,2026-06-18 04:05:22.441729+00,register,Agus Ajat,2026-06-18 04:05:22.426+00,,,BT,
bec26e38-3c20-4fc1-b8c4-7ce791b27f73,REG-2026-71860,PHP — Fida,php@gmail.com,ROYA,1561,HGB,Krukut,Taman Sari,,,4550/2014,Sedang Dipinjam,Dikonfirmasi & diambil oleh peminjam — Agus Ajat,2026-06-17 09:00:39.569262+00,2026-06-19 02:45:23.078+00,php,2026-06-17 09:00:39.569262+00,2026-06-19 02:45:23.062345+00,register,Agus Ajat,2026-06-19 02:45:23.078+00,,,BT & HT,
94fd1272-0386-455b-b2b8-d90449cd8d28,REG-2026-05780,PHP — Fida,php@gmail.com,ROYA,3090,HM,Jelambar Baru,Grogol Petamburan,,,12565/2012; 04982/2018,Sedang Dipinjam,Dikonfirmasi & diambil oleh peminjam — Agus Ajat,2026-06-17 09:23:23.548137+00,2026-06-19 02:45:23.007+00,php,2026-06-17 09:23:23.548137+00,2026-06-19 02:45:22.988236+00,register,Agus Ajat,2026-06-19 02:45:23.007+00,,,BT & HT,
36dc356f-15f8-4488-a08b-02b5db232090,REG-2026-05781,PHP — Fida,php@gmail.com,ROYA,2021,HM,Kemanggisan,Palmerah,,,03314/2019,Sedang Dipinjam,Dikonfirmasi & diambil oleh peminjam — Agus Ajat,2026-06-17 09:23:23.548137+00,2026-06-19 02:45:22.925+00,php,2026-06-17 09:23:23.548137+00,2026-06-19 02:45:22.907924+00,register,Agus Ajat,2026-06-19 02:45:22.925+00,,,BT & HT,
df20c7ca-9d2e-44cf-b0c4-2d4409e7abfc,REG-2026-89680,KUASA — RIA OKTAVIANTI,kuasa@gmail.com,PERUBAHAN HAK,365,HGB,Krendang,Tambora,,,,Sedang Dipinjam,Dikonfirmasi & diambil oleh peminjam — Agus Ajat,2026-06-17 09:27:29.776537+00,2026-06-18 04:06:16.67+00,kuasa,2026-06-17 09:27:29.776537+00,2026-06-18 04:06:16.676421+00,register,Agus Ajat,2026-06-18 04:06:16.67+00,,,BT,
f0bf54aa-97ed-44e1-93f8-5ad1103260b7,REG-2026-89681,KUASA — RIA OKTAVIANTI,kuasa@gmail.com,PERUBAHAN HAK,2059,HGB,Jatipulo,Palmerah,,,,Sedang Dipinjam,Dikonfirmasi & diambil oleh peminjam — Agus Ajat,2026-06-17 09:27:29.776537+00,2026-06-18 04:11:21.359+00,kuasa,2026-06-17 09:27:29.776537+00,2026-06-18 04:11:21.36144+00,register,Agus Ajat,2026-06-18 04:11:21.359+00,,,BT,
8d66812e-7571-4854-b900-bd4e2c5bec21,REG-2026-89682,KUASA — RIA OKTAVIANTI,kuasa@gmail.com,PERUBAHAN HAK,8681,HGB,Cengkareng Timur,Cengkareng,,,,Sedang Dipinjam,Dikonfirmasi & diambil oleh peminjam — Agus Ajat,2026-06-17 09:27:29.776537+00,2026-06-18 04:06:16.774+00,kuasa,2026-06-17 09:27:29.776537+00,2026-06-18 04:06:16.778171+00,register,Agus Ajat,2026-06-18 04:06:16.774+00,,,BT,
3b00bd8d-b0f7-484d-b3b5-f32637584c47,REG-2026-93140,KUASA — RIA OKTAVIANTI,kuasa@gmail.com,PERALIHAN HAK HIBAH,5072,HM,Tanjung Duren Utara,Grogol Petamburan,,,,Sedang Dipinjam,Dikonfirmasi & diambil oleh peminjam — Agus Ajat,2026-06-17 09:29:30.455781+00,2026-06-18 04:06:16.573+00,kuasa,2026-06-17 09:29:30.455781+00,2026-06-18 04:06:16.575516+00,register,Agus Ajat,2026-06-18 04:06:16.573+00,,,BT,
f95f3f24-275b-4926-9652-0c5025844f1e,REG-2026-93141,KUASA — RIA OKTAVIANTI,kuasa@gmail.com,PERALIHAN HAK HIBAH,7444,HM,Cengkareng Timur,Cengkareng,,,,Sedang Dipinjam,Dikonfirmasi & diambil oleh peminjam — Agus Ajat,2026-06-17 09:29:30.455781+00,2026-06-18 04:06:16.386+00,kuasa,2026-06-17 09:29:30.455781+00,2026-06-18 04:06:16.387469+00,register,Agus Ajat,2026-06-18 04:06:16.386+00,,,BT,
efc769bf-3f2e-44a4-a57b-1189eedb7613,REG-2026-93142,KUASA — RIA OKTAVIANTI,kuasa@gmail.com,PERALIHAN HAK HIBAH,14072,HMSRS,Tanjung Duren Selatan,Grogol Petamburan,,,,Sedang Dipinjam,Dikonfirmasi & diambil oleh peminjam — Agus Ajat,2026-06-17 09:29:30.455781+00,2026-06-18 04:06:16.29+00,kuasa,2026-06-17 09:29:30.455781+00,2026-06-18 04:06:16.296246+00,register,Agus Ajat,2026-06-18 04:06:16.29+00,,,BT,
2dc1e744-6cb0-47a9-b118-971be576ffde,REG-2026-93143,KUASA — RIA OKTAVIANTI,kuasa@gmail.com,PERALIHAN HAK HIBAH,14553,HM,Cengkareng Timur,Cengkareng,,,,Sedang Dipinjam,Dikonfirmasi & diambil oleh peminjam — Agus Ajat,2026-06-17 09:29:30.455781+00,2026-06-18 04:06:16.475+00,kuasa,2026-06-17 09:29:30.455781+00,2026-06-18 04:06:16.477837+00,register,Agus Ajat,2026-06-18 04:06:16.475+00,,,BT,
69fde22c-a3e6-414b-a002-0a0f585731bd,REG-2026-14230,KUASA — RIA OKTAVIANTI,kuasa@gmail.com,PERALIHAN HAK WARIS,2992,HM,Kembangan Selatan,Kembangan,,,,Sedang Dipinjam,Dikonfirmasi & diambil oleh peminjam — Agus Ajat,2026-06-17 09:33:32.59649+00,2026-06-18 04:06:15.22+00,kuasa,2026-06-17 09:33:32.59649+00,2026-06-18 04:06:15.228688+00,register,Agus Ajat,2026-06-18 04:06:15.22+00,,,BT,
33e04d73-de85-4620-9ba3-8cc180ecb1e9,REG-2026-14231,KUASA — RIA OKTAVIANTI,kuasa@gmail.com,PERALIHAN HAK WARIS,15345,HM,Cengkareng Timur,Cengkareng,,,,Sedang Dipinjam,Dikonfirmasi & diambil oleh peminjam — Agus Ajat,2026-06-17 09:33:32.59649+00,2026-06-18 04:06:15.129+00,kuasa,2026-06-17 09:33:32.59649+00,2026-06-18 04:06:15.132215+00,register,Agus Ajat,2026-06-18 04:06:15.129+00,,,BT,
41629cea-ab93-4605-95ae-4811bd07433a,REG-2026-14232,KUASA — RIA OKTAVIANTI,kuasa@gmail.com,PERALIHAN HAK WARIS,3245,HM,Duri Kepa,Kebon Jeruk,,,,Sedang Dipinjam,Dikonfirmasi & diambil oleh peminjam — Agus Ajat,2026-06-17 09:33:32.59649+00,2026-06-18 04:06:15.324+00,kuasa,2026-06-17 09:33:32.59649+00,2026-06-18 04:06:15.329307+00,register,Agus Ajat,2026-06-18 04:06:15.324+00,,,BT,
042fc722-406d-4ba9-9b14-cac8c8dae836,REG-2026-14233,KUASA — RIA OKTAVIANTI,kuasa@gmail.com,PERALIHAN HAK WARIS,8315,HM,Pegadungan,Kalideres,,,,Sedang Dipinjam,Dikonfirmasi & diambil oleh peminjam — Agus Ajat,2026-06-17 09:33:32.59649+00,2026-06-18 04:06:16.001+00,kuasa,2026-06-17 09:33:32.59649+00,2026-06-18 04:06:16.00458+00,register,Agus Ajat,2026-06-18 04:06:16.001+00,,,BT,
d881c2f1-f6c1-42be-8046-75223a9670e5,REG-2026-14234,KUASA — RIA OKTAVIANTI,kuasa@gmail.com,PERALIHAN HAK WARIS,1881,HM,Duri Selatan,Tambora,,,,Sedang Dipinjam,Dikonfirmasi & diambil oleh peminjam — Agus Ajat,2026-06-17 09:33:32.59649+00,2026-06-18 04:06:15.9+00,kuasa,2026-06-17 09:33:32.59649+00,2026-06-18 04:06:15.903353+00,register,Agus Ajat,2026-06-18 04:06:15.9+00,,,BT,
3060f3f9-66cb-4da8-8502-3e00acd7b2aa,REG-2026-14235,KUASA — RIA OKTAVIANTI,kuasa@gmail.com,PERALIHAN HAK WARIS,407,HM,Semanan,Kalideres,,,,Sedang Dipinjam,Dikonfirmasi & diambil oleh peminjam — Agus Ajat,2026-06-17 09:33:32.59649+00,2026-06-18 04:06:16.094+00,kuasa,2026-06-17 09:33:32.59649+00,2026-06-18 04:06:16.096838+00,register,Agus Ajat,2026-06-18 04:06:16.094+00,,,BT,
8c5c6b64-8c2a-419d-9197-4df54ef864ab,REG-2026-14236,KUASA — RIA OKTAVIANTI,kuasa@gmail.com,PERALIHAN HAK WARIS,4622,HM,Duri Kepa,Kebon Jeruk,,,,Sedang Dipinjam,Dikonfirmasi & diambil oleh peminjam — Agus Ajat,2026-06-17 09:33:32.59649+00,2026-06-18 04:06:15.798+00,kuasa,2026-06-17 09:33:32.59649+00,2026-06-18 04:06:15.80537+00,register,Agus Ajat,2026-06-18 04:06:15.798+00,,,BT,
85ea5393-6db7-4df5-a6e6-51198d6fa9ac,REG-2026-14237,KUASA — RIA OKTAVIANTI,kuasa@gmail.com,PERALIHAN HAK WARIS,11720,HM,Tegal Alur,Kalideres,,,,Sedang Dipinjam,Dikonfirmasi & diambil oleh peminjam — Agus Ajat,2026-06-17 09:33:32.59649+00,2026-06-18 04:06:16.188+00,kuasa,2026-06-17 09:33:32.59649+00,2026-06-18 04:06:16.190505+00,register,Agus Ajat,2026-06-18 04:06:16.188+00,,,BT,
9f04f2fb-16df-4b5d-844e-e2547a7e0d5a,REG-2026-87010,KUASA — RIA OKTAVIANTI,kuasa@gmail.com,MERGER HAK TANGGUNGAN,4817,HM,Cengkareng Barat,Cengkareng,,,8916/2018,Sedang Dipinjam,Dikonfirmasi & diambil oleh peminjam — Agus Ajat,2026-06-17 09:34:19.480639+00,2026-06-18 04:06:15.036+00,kuasa,2026-06-17 09:34:19.480639+00,2026-06-18 04:06:15.04013+00,register,Agus Ajat,2026-06-18 04:06:15.036+00,,,BT,
9a0a2fa3-4242-40c4-bdbe-13b57be8744a,REG-2026-50240,KUASA — RIA OKTAVIANTI,kuasa@gmail.com,GANTI NAMA,4889,HGB,Kembangan Utara,Kembangan,,,,Sedang Dipinjam,Dikonfirmasi & diambil oleh peminjam — Agus Ajat,2026-06-17 09:35:15.802192+00,2026-06-18 04:06:14.937+00,kuasa,2026-06-17 09:35:15.802192+00,2026-06-18 04:06:14.940155+00,register,Agus Ajat,2026-06-18 04:06:14.937+00,,,BT,
43161442-c036-4b65-b124-372fe34469a6,REG-2026-14730,KUASA — RIA OKTAVIANTI,kuasa@gmail.com,GANTI BLANKO / RUSAK,162,HM,Slipi,Palmerah,,,,Sedang Dipinjam,Dikonfirmasi & diambil oleh peminjam — Agus Ajat,2026-06-17 09:35:52.267794+00,2026-06-18 04:06:14.84+00,kuasa,2026-06-17 09:35:52.267794+00,2026-06-18 04:06:14.845495+00,register,Agus Ajat,2026-06-18 04:06:14.84+00,,,BT,
0e09dd08-8f83-4ba5-b6cf-051e57a78801,REG-2026-02030,KUASA — RIA OKTAVIANTI,kuasa@gmail.com,PERPANJANGAN SARUSUN,12064,HMSRS,Tanjung Duren Selatan,Grogol Petamburan,,,,Sedang Dipinjam,Dikonfirmasi & diambil oleh peminjam — Agus Ajat,2026-06-17 09:36:30.983003+00,2026-06-18 04:06:14.744+00,kuasa,2026-06-17 09:36:30.983003+00,2026-06-18 04:06:14.747145+00,register,Agus Ajat,2026-06-18 04:06:14.744+00,,,BT,
df4b351b-0091-44ab-a552-f4c7b2dc4e95,REG-2026-49190,PHP — DANANG,ajat@gmail.com,VALIDASI / ALIH MEDIA,1435,HMSRS,Srengseng,Kembangan,,,,Sedang Dipinjam,Dikonfirmasi & diambil oleh peminjam — Agus Ajat,2026-06-17 09:57:14.949054+00,2026-06-17 09:57:36.277+00,agusajat,2026-06-17 09:57:14.949054+00,2026-06-17 09:57:36.279423+00,register,Agus Ajat,2026-06-17 09:57:36.277+00,,,BT,
2ba8e6ab-08a6-4d5d-ae2f-ccd1bda935a6,REG-2026-50220,KUASA — ARIF,kuasa@gmail.com,PERALIHAN HAK JUAL BELI,9432,HM,Duri Kosambi,Cengkareng,,,,Sedang Dipinjam,Dikonfirmasi & diambil oleh peminjam — Agus Ajat,2026-06-17 11:07:17.491015+00,2026-06-18 03:20:23.228+00,kuasa,2026-06-17 11:07:17.491015+00,2026-06-18 03:20:23.212799+00,register,Agus Ajat,2026-06-18 03:20:23.228+00,,,BT,
b18dda66-19b3-444f-a2be-7016afad4f8b,REG-2026-62220,KUASA — ARIF,kuasa@gmail.com,PERALIHAN HAK JUAL BELI,3433,HM,Duri Kepa,Kebon Jeruk,,,,Sedang Dipinjam,Dikonfirmasi & diambil oleh peminjam — Agus Ajat,2026-06-17 11:26:35.672032+00,2026-06-18 03:20:22.21+00,kuasa,2026-06-17 11:26:35.672032+00,2026-06-18 03:20:22.193059+00,register,Agus Ajat,2026-06-18 03:20:22.21+00,,,BT,
249ec9e0-f552-4ba6-8155-3cc4f4992d03,REG-2026-62221,KUASA — ARIF,kuasa@gmail.com,PERALIHAN HAK JUAL BELI,14085,HMSRS,Tanjung Duren Selatan,Grogol Petamburan,,,,Sedang Dipinjam,Dikonfirmasi & diambil oleh peminjam — Agus Ajat,2026-06-17 11:26:35.672032+00,2026-06-18 03:20:22.152+00,kuasa,2026-06-17 11:26:35.672032+00,2026-06-18 03:20:22.135707+00,register,Agus Ajat,2026-06-18 03:20:22.152+00,,,BT,
ecff6c65-daea-4a15-bf8b-6fd8bca7370d,REG-2026-622210,KUASA — ARIF,kuasa@gmail.com,PERALIHAN HAK JUAL BELI,609,HM,Angke,Tambora,,,,Sedang Dipinjam,Dikonfirmasi & diambil oleh peminjam — Agus Ajat,2026-06-17 11:26:35.672032+00,2026-06-18 03:20:22.737+00,kuasa,2026-06-17 11:26:35.672032+00,2026-06-18 03:20:22.722444+00,register,Agus Ajat,2026-06-18 03:20:22.737+00,,,BT,
1fd9b5cb-490c-4a40-8ef3-4b8edd88cd70,REG-2026-622211,KUASA — ARIF,kuasa@gmail.com,PERALIHAN HAK JUAL BELI,3410,HMSRS,Jembatan Besi,Tambora,,,,Sedang Dipinjam,Dikonfirmasi & diambil oleh peminjam — Agus Ajat,2026-06-17 11:26:35.672032+00,2026-06-18 03:20:22.801+00,kuasa,2026-06-17 11:26:35.672032+00,2026-06-18 03:20:22.786465+00,register,Agus Ajat,2026-06-18 03:20:22.801+00,,,BT,
4496155c-103f-449d-b2ab-4946948b2f8c,REG-2026-622213,KUASA — ARIF,kuasa@gmail.com,PERALIHAN HAK JUAL BELI,6346,HMSRS,Tanjung Duren Selatan,Grogol Petamburan,,,,Sedang Dipinjam,Dikonfirmasi & diambil oleh peminjam — Agus Ajat,2026-06-17 11:26:35.672032+00,2026-06-18 03:20:22.506+00,kuasa,2026-06-17 11:26:35.672032+00,2026-06-18 03:20:22.487989+00,register,Agus Ajat,2026-06-18 03:20:22.506+00,,,BT,
45b1997f-22c6-4a3a-b1d3-520c1169cf70,REG-2026-622214,KUASA — ARIF,kuasa@gmail.com,PERALIHAN HAK JUAL BELI,4699,HMSRS,Tanjung Duren Selatan,Grogol Petamburan,,,,Sedang Dipinjam,Dikonfirmasi & diambil oleh peminjam — Agus Ajat,2026-06-17 11:26:35.672032+00,2026-06-18 03:20:22.45+00,kuasa,2026-06-17 11:26:35.672032+00,2026-06-18 03:20:22.432507+00,register,Agus Ajat,2026-06-18 03:20:22.45+00,,,BT,
46db4495-b533-4c15-9b05-709d9a6088fe,REG-2026-622215,KUASA — ARIF,kuasa@gmail.com,PERALIHAN HAK JUAL BELI,7817,HM,Joglo,Kembangan,,,,Sedang Dipinjam,Dikonfirmasi & diambil oleh peminjam — Agus Ajat,2026-06-17 11:26:35.672032+00,2026-06-18 03:20:22.623+00,kuasa,2026-06-17 11:26:35.672032+00,2026-06-18 03:20:22.605328+00,register,Agus Ajat,2026-06-18 03:20:22.623+00,,,BT,
aeb4fd7f-673c-4581-8e4e-8591d6726fbd,REG-2026-622216,KUASA — ARIF,kuasa@gmail.com,PERALIHAN HAK JUAL BELI,1339,HM,Kebon Jeruk,Kebon Jeruk,,,,Sedang Dipinjam,Dikonfirmasi & diambil oleh peminjam — Agus Ajat,2026-06-17 11:26:35.672032+00,2026-06-18 03:20:22.566+00,kuasa,2026-06-17 11:26:35.672032+00,2026-06-18 03:20:22.545562+00,register,Agus Ajat,2026-06-18 03:20:22.566+00,,,BT,
ea854a02-96c9-4dd0-8964-0de0b4444f38,REG-2026-622217,KUASA — ARIF,kuasa@gmail.com,PERALIHAN HAK JUAL BELI,63,HMSRS,Tanjung Duren Selatan,Grogol Petamburan,,,,Sedang Dipinjam,Dikonfirmasi & diambil oleh peminjam — Agus Ajat,2026-06-17 11:26:35.672032+00,2026-06-18 03:20:22.392+00,kuasa,2026-06-17 11:26:35.672032+00,2026-06-18 03:20:22.373835+00,register,Agus Ajat,2026-06-18 03:20:22.392+00,,,BT,
5db0d1f3-5f95-400b-809b-14e75935cdd0,REG-2026-622218,KUASA — ARIF,kuasa@gmail.com,PERALIHAN HAK JUAL BELI,897,HGB,Kota Bambu Utara,Palmerah,,,,Sedang Dipinjam,Dikonfirmasi & diambil oleh peminjam — Agus Ajat,2026-06-17 11:26:35.672032+00,2026-06-18 03:20:22.678+00,kuasa,2026-06-17 11:26:35.672032+00,2026-06-18 03:20:22.660257+00,register,Agus Ajat,2026-06-18 03:20:22.678+00,,,BT,
44d160cf-e3d4-4b9a-a2e1-afe7c4ba48c5,REG-2026-622219,KUASA — ARIF,kuasa@gmail.com,PERALIHAN HAK JUAL BELI,7011,HM,Duri Kepa,Kebon Jeruk,,,,Sedang Dipinjam,Dikonfirmasi & diambil oleh peminjam — Agus Ajat,2026-06-17 11:26:35.672032+00,2026-06-18 03:20:22.334+00,kuasa,2026-06-17 11:26:35.672032+00,2026-06-18 03:20:22.314831+00,register,Agus Ajat,2026-06-18 03:20:22.334+00,,,BT,
757f4042-3b6d-4791-841b-b0995e7631d1,REG-2026-62222,KUASA — ARIF,kuasa@gmail.com,PERALIHAN HAK JUAL BELI,2347,HM,Pekojan,Tambora,,,,Sedang Dipinjam,Dikonfirmasi & diambil oleh peminjam — Agus Ajat,2026-06-17 11:26:35.672032+00,2026-06-18 03:20:22.093+00,kuasa,2026-06-17 11:26:35.672032+00,2026-06-18 03:20:22.078881+00,register,Agus Ajat,2026-06-18 03:20:22.093+00,,,BT,
2710c0fe-40c4-4609-b31e-8cdbbfac8718,REG-2026-622220,KUASA — ARIF,kuasa@gmail.com,PERALIHAN HAK JUAL BELI,2507,HGB,Angke,Tambora,,,,Sedang Dipinjam,Dikonfirmasi & diambil oleh peminjam — Agus Ajat,2026-06-17 11:26:35.672032+00,2026-06-18 03:20:22.266+00,kuasa,2026-06-17 11:26:35.672032+00,2026-06-18 03:20:22.250588+00,register,Agus Ajat,2026-06-18 03:20:22.266+00,,,BT,
8293bf69-8366-4684-b000-6e0cc25b8421,REG-2026-62223,KUASA — ARIF,kuasa@gmail.com,PERALIHAN HAK JUAL BELI,3989,HGB,Kedaung Kali Angke,Cengkareng,,,,Sedang Dipinjam,Dikonfirmasi & diambil oleh peminjam — Agus Ajat,2026-06-17 11:26:35.672032+00,2026-06-18 03:20:22.035+00,kuasa,2026-06-17 11:26:35.672032+00,2026-06-18 03:20:22.014019+00,register,Agus Ajat,2026-06-18 03:20:22.035+00,,,BT,
5adbcf7a-6521-43ff-b1fa-fe47ed0d78b9,REG-2026-62224,KUASA — ARIF,kuasa@gmail.com,PERALIHAN HAK JUAL BELI,3515,HGB,Kedaung Kali Angke,Cengkareng,,,,Sedang Dipinjam,Dikonfirmasi & diambil oleh peminjam — Agus Ajat,2026-06-17 11:26:35.672032+00,2026-06-18 03:20:22.992+00,kuasa,2026-06-17 11:26:35.672032+00,2026-06-18 03:20:22.975783+00,register,Agus Ajat,2026-06-18 03:20:22.992+00,,,BT,
46c56cb7-61a1-42fa-998f-95d4995adfdd,REG-2026-62225,KUASA — ARIF,kuasa@gmail.com,PERALIHAN HAK JUAL BELI,7313,HGB,Kembangan Utara,Kembangan,,,,Sedang Dipinjam,Dikonfirmasi & diambil oleh peminjam — Agus Ajat,2026-06-17 11:26:35.672032+00,2026-06-18 03:20:23.053+00,kuasa,2026-06-17 11:26:35.672032+00,2026-06-18 03:20:23.03449+00,register,Agus Ajat,2026-06-18 03:20:23.053+00,,,BT,
31a0c82f-6959-4aaf-8a84-75814a11bef7,REG-2026-62226,KUASA — ARIF,kuasa@gmail.com,PERALIHAN HAK JUAL BELI,77,HM,Jatipulo,Palmerah,,,,Sedang Dipinjam,Dikonfirmasi & diambil oleh peminjam — Agus Ajat,2026-06-17 11:26:35.672032+00,2026-06-18 03:20:23.11+00,kuasa,2026-06-17 11:26:35.672032+00,2026-06-18 03:20:23.091847+00,register,Agus Ajat,2026-06-18 03:20:23.11+00,,,BT,
3b66f146-628f-446f-a1dd-7530f2d1a82c,REG-2026-62227,KUASA — ARIF,kuasa@gmail.com,PERALIHAN HAK JUAL BELI,4144,HM,Palmerah,Palmerah,,,,Sedang Dipinjam,Dikonfirmasi & diambil oleh peminjam — Agus Ajat,2026-06-17 11:26:35.672032+00,2026-06-18 03:20:23.169+00,kuasa,2026-06-17 11:26:35.672032+00,2026-06-18 03:20:23.151919+00,register,Agus Ajat,2026-06-18 03:20:23.169+00,,,BT,
ec472d40-65f4-4b2e-af29-ec1591c1e2e0,REG-2026-62228,KUASA — ARIF,kuasa@gmail.com,PERALIHAN HAK JUAL BELI,4957,HM,Rawa Buaya,Cengkareng,,,,Sedang Dipinjam,Dikonfirmasi & diambil oleh peminjam — Agus Ajat,2026-06-17 11:26:35.672032+00,2026-06-18 03:20:22.93+00,kuasa,2026-06-17 11:26:35.672032+00,2026-06-18 03:20:22.913185+00,register,Agus Ajat,2026-06-18 03:20:22.93+00,,,BT,
68dd7fae-ca4f-4add-84ae-27c1351a9ebd,REG-2026-62229,KUASA — ARIF,kuasa@gmail.com,PERALIHAN HAK JUAL BELI,2405,HGB,Grogol,Grogol Petamburan,,,,Sedang Dipinjam,Dikonfirmasi & diambil oleh peminjam — Agus Ajat,2026-06-17 11:26:35.672032+00,2026-06-18 03:20:22.865+00,kuasa,2026-06-17 11:26:35.672032+00,2026-06-18 03:20:22.851811+00,register,Agus Ajat,2026-06-18 03:20:22.865+00,,,BT,
494fbee3-75f2-44bd-9b14-d44c1132c4a3,REG-2026-27260,KUASA — ARIF,kuasa@gmail.com,PERALIHAN HAK HIBAH,3773,HM,Meruya Selatan,Kembangan,,,,Sedang Dipinjam,Dikonfirmasi & diambil oleh peminjam — Agus Ajat,2026-06-17 11:27:22.145762+00,2026-06-18 03:20:21.98+00,kuasa,2026-06-17 11:27:22.145762+00,2026-06-18 03:20:21.960729+00,register,Agus Ajat,2026-06-18 03:20:21.98+00,,,BT,
7a4c6975-07c0-4817-b377-9e32d649ec64,REG-2026-86510,KUASA — RIA OKTAVIANTI,kuasa@gmail.com,PERALIHAN HAK WARIS,1126,HGB,Duri Utara,Tambora,,,,Sedang Dipinjam,Dikonfirmasi & diambil oleh peminjam — Agus Ajat,2026-06-17 11:57:59.536153+00,2026-06-17 12:06:11.381+00,kuasa,2026-06-17 11:57:59.536153+00,2026-06-17 12:06:11.432599+00,register,Agus Ajat,2026-06-17 12:06:11.381+00,,,BT,
02025154-d087-48c2-88e1-1d1b24444bb1,REG-2026-81080,KUASA — ARIF,kuasa@gmail.com,PERALIHAN HAK JUAL BELI,3614,HMSRS,Jembatan Besi,Tambora,,,,Sedang Dipinjam,Dikonfirmasi & diambil oleh peminjam — Agus Ajat,2026-06-17 12:24:07.612308+00,2026-06-18 03:20:21.91+00,kuasa,2026-06-17 12:24:07.612308+00,2026-06-18 03:20:21.904155+00,register,Agus Ajat,2026-06-18 03:20:21.91+00,,,BT,
cbc82411-cf49-46d0-b3c0-5295cd359699,REG-2026-34350,PRIORITAS — DANNY,prioritas@gmail.com,ROYA,0,HGB,Jelambar Baru,Grogol Petamburan,,,4491/2019,Sedang Dipinjam,Dikonfirmasi & diambil oleh peminjam — Agus Ajat,2026-06-18 01:41:44.413525+00,2026-06-18 02:11:29.444+00,prioritas,2026-06-18 01:41:44.413525+00,2026-06-18 02:11:29.430252+00,register,Agus Ajat,2026-06-18 02:11:29.444+00,,,BT & HT,
771ef853-0d31-46b0-9d23-01580bb95a19,REG-2026-50230,PRIORITAS — DANNY,prioritas@gmail.com,ROYA,8134,HM,Semanan,Kalideres,,,5579/2011,Sedang Dipinjam,Dikonfirmasi & diambil oleh peminjam — Agus Ajat,2026-06-18 02:02:05.984567+00,2026-06-18 02:11:29.319+00,prioritas,2026-06-18 02:02:05.984567+00,2026-06-18 02:11:29.321034+00,register,Agus Ajat,2026-06-18 02:11:29.319+00,,,BT & HT,
aa0d99c3-44c0-4b97-b170-3c1676d8fd6f,REG-2026-45360,LOKET BLOKIR,blokir@gmail.com,PERUBAHAN HAK,5416,HGB,Kapuk,Cengkareng,,,,Sedang Dipinjam,Dikonfirmasi & diambil oleh peminjam — Agus Ajat,2026-06-18 02:12:35.12862+00,2026-06-18 08:37:18.857+00,blokir,2026-06-18 02:12:35.12862+00,2026-06-18 08:37:18.894795+00,register,Agus Ajat,2026-06-18 08:37:18.857+00,,,BT,
59091fac-d694-4a76-a066-06fb347f35a6,REG-2026-54460,PHP — SARAYA,php@gmail.com,SKPT,13061,HM,Pegadungan,Kalideres,,,,Sedang Dipinjam,Dikonfirmasi & diambil oleh peminjam — Agus Ajat,2026-06-18 02:42:55.342448+00,2026-06-18 03:20:21.54+00,php,2026-06-18 02:42:55.342448+00,2026-06-18 03:20:21.519329+00,register,Agus Ajat,2026-06-18 03:20:21.54+00,,,BT,
454a761c-a512-45e4-b144-f8e5fd0a9e34,REG-2026-54461,PHP — SARAYA,php@gmail.com,SKPT,11674,HM,Kembangan Utara,Kembangan,,,,Sedang Dipinjam,Dikonfirmasi & diambil oleh peminjam — Agus Ajat,2026-06-18 02:42:55.342448+00,2026-06-18 03:20:21.597+00,php,2026-06-18 02:42:55.342448+00,2026-06-18 03:20:21.58018+00,register,Agus Ajat,2026-06-18 03:20:21.597+00,,,BT,
bdc48da9-1b7d-47df-9667-d7d56524391b,REG-2026-54462,PHP — SARAYA,php@gmail.com,SKPT,1562,HM,Kemanggisan,Palmerah,,,,Sedang Dipinjam,Dikonfirmasi & diambil oleh peminjam — Agus Ajat,2026-06-18 02:42:55.342448+00,2026-06-18 03:20:21.661+00,php,2026-06-18 02:42:55.342448+00,2026-06-18 03:20:21.643417+00,register,Agus Ajat,2026-06-18 03:20:21.661+00,,,BT,
2120ab9d-3ba1-4b9a-b023-1218006d026b,REG-2026-54464,PHP — SARAYA,php@gmail.com,SKPT,13451,HM,Kalideres,Kalideres,,,,Sedang Dipinjam,Dikonfirmasi & diambil oleh peminjam — Agus Ajat,2026-06-18 02:42:55.342448+00,2026-06-18 03:20:21.722+00,php,2026-06-18 02:42:55.342448+00,2026-06-18 03:20:21.704586+00,register,Agus Ajat,2026-06-18 03:20:21.722+00,,,BT,
433f73bd-9bed-45ab-8885-244701c4967f,REG-2026-54465,PHP — SARAYA,php@gmail.com,SKPT,6675,HM,Kebon Jeruk,Kebon Jeruk,,,,Sedang Dipinjam,Dikonfirmasi & diambil oleh peminjam — Agus Ajat,2026-06-18 02:42:55.342448+00,2026-06-18 03:20:21.79+00,php,2026-06-18 02:42:55.342448+00,2026-06-18 03:20:21.771363+00,register,Agus Ajat,2026-06-18 03:20:21.79+00,,,BT,
19e91df2-9cc5-4f9b-bb46-66fee52ae99a,REG-2026-54466,PHP — SARAYA,php@gmail.com,SKPT,1469,HGB,Mangga Besar,Taman Sari,,,,Sedang Dipinjam,Dikonfirmasi & diambil oleh peminjam — Agus Ajat,2026-06-18 02:42:55.342448+00,2026-06-18 03:20:21.848+00,php,2026-06-18 02:42:55.342448+00,2026-06-18 03:20:21.832021+00,register,Agus Ajat,2026-06-18 03:20:21.848+00,,,BT,
4ff980a3-b18b-4349-a7a1-ea61ad48cd51,REG-2026-81770,PRIORITAS — DANNY,prioritas@gmail.com,PERPANJANGAN HGB,3147,HGB,Meruya Selatan,Kembangan,,,,Sedang Dipinjam,Dikonfirmasi & diambil oleh peminjam — Agus Ajat,2026-06-18 03:04:29.241215+00,2026-06-18 03:19:28.792+00,prioritas,2026-06-18 03:04:29.241215+00,2026-06-18 03:19:28.77723+00,register,Agus Ajat,2026-06-18 03:19:28.792+00,,,BT,
13d2471a-2a1f-4c94-b7bb-526870a3c6a7,REG-2026-19250,PRIORITAS — DANNY,prioritas@gmail.com,ROYA,1052,HM,Kembangan Utara,Kembangan,,,2361/2011;7771/2013;4933/2018,Sedang Dipinjam,Dikonfirmasi & diambil oleh peminjam — Agus Ajat,2026-06-18 03:11:32.965129+00,2026-06-18 03:19:28.716+00,prioritas,2026-06-18 03:11:32.965129+00,2026-06-18 03:19:28.709702+00,register,Agus Ajat,2026-06-18 03:19:28.716+00,,,BT & HT,
d97c0f2f-cb1b-4c47-b73a-d92f5c68c805,REG-2026-49900,PHP — Reza,php@gmail.com,HAK TANGGUNGAN,12253,HM,Duri Kosambi,Cengkareng,,,,Sedang Dipinjam,Dikonfirmasi & diambil oleh peminjam — Agus Ajat,2026-06-18 03:13:54.613224+00,2026-06-19 02:45:21.896+00,php,2026-06-18 03:13:54.613224+00,2026-06-19 02:45:21.879088+00,register,Agus Ajat,2026-06-19 02:45:21.896+00,,,BT,
80c0bdad-f1b4-4b60-abed-3155962cdf29,REG-2026-49901,PHP — Reza,php@gmail.com,HAK TANGGUNGAN,4108,HM,Duri Kosambi,Cengkareng,,,,Sedang Dipinjam,Dikonfirmasi & diambil oleh peminjam — Agus Ajat,2026-06-18 03:13:54.613224+00,2026-06-19 02:45:21.624+00,php,2026-06-18 03:13:54.613224+00,2026-06-19 02:45:21.611169+00,register,Agus Ajat,2026-06-19 02:45:21.624+00,,,BT,
5092450d-a0a3-4d9e-b525-6561f9fc204c,REG-2026-499010,PHP — Reza,php@gmail.com,HAK TANGGUNGAN,92,HGB,Duri Selatan,Tambora,,,,Sedang Dipinjam,Dikonfirmasi & diambil oleh peminjam — Agus Ajat,2026-06-18 03:13:54.613224+00,2026-06-19 02:45:22.761+00,php,2026-06-18 03:13:54.613224+00,2026-06-19 02:45:22.745279+00,register,Agus Ajat,2026-06-19 02:45:22.761+00,,,BT,
39c039db-2339-46a6-b161-7e26f7e3824d,REG-2026-499011,PHP — Reza,php@gmail.com,HAK TANGGUNGAN,1198,HM,Duri Selatan,Tambora,,,,Sedang Dipinjam,Dikonfirmasi & diambil oleh peminjam — Agus Ajat,2026-06-18 03:13:54.613224+00,2026-06-19 02:45:22.558+00,php,2026-06-18 03:13:54.613224+00,2026-06-19 02:45:22.541105+00,register,Agus Ajat,2026-06-19 02:45:22.558+00,,,BT,
bfeda699-70a9-47a8-83ea-0fa4f1631ef8,REG-2026-499012,PHP — Reza,php@gmail.com,HAK TANGGUNGAN,330,HM,Duri Utara,Tambora,,,,Sedang Dipinjam,Dikonfirmasi & diambil oleh peminjam — Agus Ajat,2026-06-18 03:13:54.613224+00,2026-06-19 02:45:22.619+00,php,2026-06-18 03:13:54.613224+00,2026-06-19 02:45:22.60209+00,register,Agus Ajat,2026-06-19 02:45:22.619+00,,,BT,
879de3cc-5de3-4dc1-9e29-ea3f680a5728,REG-2026-499013,PHP — Reza,php@gmail.com,HAK TANGGUNGAN,453,HMSRS,Glodok,Taman Sari,,,,Sedang Dipinjam,Dikonfirmasi & diambil oleh peminjam — Agus Ajat,2026-06-18 03:13:54.613224+00,2026-06-19 02:45:22.489+00,php,2026-06-18 03:13:54.613224+00,2026-06-19 02:45:22.475002+00,register,Agus Ajat,2026-06-19 02:45:22.489+00,,,BT,
f0217a7c-9f8e-42f3-b17e-83d9dec9bc85,REG-2026-499014,PHP — Reza,php@gmail.com,HAK TANGGUNGAN,454,HMSRS,Glodok,Taman Sari,,,,Sedang Dipinjam,Dikonfirmasi & diambil oleh peminjam — Agus Ajat,2026-06-18 03:13:54.613224+00,2026-06-19 02:45:22.421+00,php,2026-06-18 03:13:54.613224+00,2026-06-19 02:45:22.404288+00,register,Agus Ajat,2026-06-19 02:45:22.421+00,,,BT,
09606fa6-4456-488c-9c73-771cfd3e1e60,REG-2026-499015,PHP — Reza,php@gmail.com,HAK TANGGUNGAN,596,HMSRS,Glodok,Taman Sari,,,,Sedang Dipinjam,Dikonfirmasi & diambil oleh peminjam — Agus Ajat,2026-06-18 03:13:54.613224+00,2026-06-19 02:45:22.367+00,php,2026-06-18 03:13:54.613224+00,2026-06-19 02:45:22.350984+00,register,Agus Ajat,2026-06-19 02:45:22.367+00,,,BT,
8a0c1d10-19af-46ca-8679-8af134a70b66,REG-2026-499016,PHP — Reza,php@gmail.com,HAK TANGGUNGAN,600,HMSRS,Glodok,Taman Sari,,,,Sedang Dipinjam,Dikonfirmasi & diambil oleh peminjam — Agus Ajat,2026-06-18 03:13:54.613224+00,2026-06-19 02:45:22.315+00,php,2026-06-18 03:13:54.613224+00,2026-06-19 02:45:22.296874+00,register,Agus Ajat,2026-06-19 02:45:22.315+00,,,BT,
97a65df1-ec10-46c4-b374-d9e5267a1064,REG-2026-499017,PHP — Reza,php@gmail.com,HAK TANGGUNGAN,632,HMSRS,Glodok,Taman Sari,,,,Sedang Dipinjam,Dikonfirmasi & diambil oleh peminjam — Agus Ajat,2026-06-18 03:13:54.613224+00,2026-06-19 02:45:22.261+00,php,2026-06-18 03:13:54.613224+00,2026-06-19 02:45:22.243888+00,register,Agus Ajat,2026-06-19 02:45:22.261+00,,,BT,
e3bb8dbc-cbdf-4c7d-afdc-a56d123fce35,REG-2026-499018,PHP — Reza,php@gmail.com,HAK TANGGUNGAN,636,HMSRS,Glodok,Taman Sari,,,,Sedang Dipinjam,Dikonfirmasi & diambil oleh peminjam — Agus Ajat,2026-06-18 03:13:54.613224+00,2026-06-19 02:45:22.204+00,php,2026-06-18 03:13:54.613224+00,2026-06-19 02:45:22.188616+00,register,Agus Ajat,2026-06-19 02:45:22.204+00,,,BT,
8eec4551-9e19-40d7-9c29-f8669eb1b4db,REG-2026-499019,PHP — Reza,php@gmail.com,HAK TANGGUNGAN,668,HMSRS,Glodok,Taman Sari,,,,Sedang Dipinjam,Dikonfirmasi & diambil oleh peminjam — Agus Ajat,2026-06-18 03:13:54.613224+00,2026-06-19 02:45:22.841+00,php,2026-06-18 03:13:54.613224+00,2026-06-19 02:45:22.826382+00,register,Agus Ajat,2026-06-19 02:45:22.841+00,,,BT,
a0f90fc7-e7ba-46b5-a212-0edfa1d9f0c2,REG-2026-49902,PHP — Reza,php@gmail.com,HAK TANGGUNGAN,4325,HM,Duri Kosambi,Cengkareng,,,,Sedang Dipinjam,Dikonfirmasi & diambil oleh peminjam — Agus Ajat,2026-06-18 03:13:54.613224+00,2026-06-19 02:45:21.959+00,php,2026-06-18 03:13:54.613224+00,2026-06-19 02:45:21.94099+00,register,Agus Ajat,2026-06-19 02:45:21.959+00,,,BT,
daecd51d-5a68-44db-9d3e-f069f9244e9b,REG-2026-49903,PHP — Reza,php@gmail.com,HAK TANGGUNGAN,11322,HM,Duri Kosambi,Cengkareng,,,,Sedang Dipinjam,Dikonfirmasi & diambil oleh peminjam — Agus Ajat,2026-06-18 03:13:54.613224+00,2026-06-19 02:45:22.082+00,php,2026-06-18 03:13:54.613224+00,2026-06-19 02:45:22.06728+00,register,Agus Ajat,2026-06-19 02:45:22.082+00,,,BT,
4ff89732-26ea-4e28-b6ad-a70fca6d8e37,REG-2026-49904,PHP — Reza,php@gmail.com,HAK TANGGUNGAN,11143,HM,Duri Kosambi,Cengkareng,,,,Sedang Dipinjam,Dikonfirmasi & diambil oleh peminjam — Agus Ajat,2026-06-18 03:13:54.613224+00,2026-06-19 02:45:22.021+00,php,2026-06-18 03:13:54.613224+00,2026-06-19 02:45:22.004491+00,register,Agus Ajat,2026-06-19 02:45:22.021+00,,,BT,
1dcb9aac-b333-4a9e-857b-e900fcd2d5e2,REG-2026-49905,PHP — Reza,php@gmail.com,HAK TANGGUNGAN,200,HM,Duri Kosambi,Cengkareng,,,,Sedang Dipinjam,Dikonfirmasi & diambil oleh peminjam — Agus Ajat,2026-06-18 03:13:54.613224+00,2026-06-19 02:45:21.695+00,php,2026-06-18 03:13:54.613224+00,2026-06-19 02:45:21.682247+00,register,Agus Ajat,2026-06-19 02:45:21.695+00,,,BT,
c676f1c6-96c9-4da9-afa1-70ab3f09e747,REG-2026-49906,PHP — Reza,php@gmail.com,HAK TANGGUNGAN,13817,HM,Duri Kosambi,Cengkareng,,,,Sedang Dipinjam,Dikonfirmasi & diambil oleh peminjam — Agus Ajat,2026-06-18 03:13:54.613224+00,2026-06-19 02:45:22.142+00,php,2026-06-18 03:13:54.613224+00,2026-06-19 02:45:22.12537+00,register,Agus Ajat,2026-06-19 02:45:22.142+00,,,BT,
cace7773-3abf-493d-a3e2-48f769ffdd1a,REG-2026-49907,PHP — Reza,php@gmail.com,HAK TANGGUNGAN,10073,HM,Duri Kosambi,Cengkareng,,,,Sedang Dipinjam,Dikonfirmasi & diambil oleh peminjam — Agus Ajat,2026-06-18 03:13:54.613224+00,2026-06-19 02:45:21.835+00,php,2026-06-18 03:13:54.613224+00,2026-06-19 02:45:21.8185+00,register,Agus Ajat,2026-06-19 02:45:21.835+00,,,BT,
50be277b-05f4-41d5-b6a4-ba5290fcbfd8,REG-2026-49908,PHP — Reza,php@gmail.com,HAK TANGGUNGAN,9809,HM,Duri Kosambi,Cengkareng,,,,Sedang Dipinjam,Dikonfirmasi & diambil oleh peminjam — Agus Ajat,2026-06-18 03:13:54.613224+00,2026-06-19 02:45:21.764+00,php,2026-06-18 03:13:54.613224+00,2026-06-19 02:45:21.749602+00,register,Agus Ajat,2026-06-19 02:45:21.764+00,,,BT,
fcb5f352-a5d9-4452-b283-adcdfda66bba,REG-2026-49909,PHP — Reza,php@gmail.com,HAK TANGGUNGAN,475,HM,Duri Selatan,Tambora,,,,Sedang Dipinjam,Dikonfirmasi & diambil oleh peminjam — Agus Ajat,2026-06-18 03:13:54.613224+00,2026-06-19 02:45:22.689+00,php,2026-06-18 03:13:54.613224+00,2026-06-19 02:45:22.673927+00,register,Agus Ajat,2026-06-19 02:45:22.689+00,,,BT,
6ec4a566-21d4-4f38-b066-1ecaaccd1a24,REG-2026-33400,PHP — SARAYA,php@gmail.com,SKPT,6863,HGB,Duri Kosambi,Cengkareng,,,,Sedang Dipinjam,Dikonfirmasi & diambil oleh peminjam — Agus Ajat,2026-06-18 04:06:13.551253+00,2026-06-18 08:38:39.305+00,php,2026-06-18 04:06:13.551253+00,2026-06-18 08:38:39.333625+00,register,Agus Ajat,2026-06-18 08:38:39.305+00,,,BT,
4e5a0792-2d2d-4bf3-9f00-767f1c348ffd,REG-2026-59730,PRIORITAS — Dista,prioritas@gmail.com,GANTI NAMA,256,WAKAF,Tambora,Tambora,,,,Sedang Dipinjam,Dikonfirmasi & diambil oleh peminjam — Agus Ajat,2026-06-18 04:11:33.568503+00,2026-06-18 04:49:49.952+00,prioritas,2026-06-18 04:11:33.568503+00,2026-06-18 04:49:49.99202+00,register,Agus Ajat,2026-06-18 04:49:49.952+00,,,BT,
fb9f63a7-56e2-4ce1-8fcd-bf65e4c8741e,REG-2026-84140,KUASA — RIKI,kuasa@gmail.com,PEMECAHAN BIDANG,340,HM,Meruya Utara,Kembangan,1687/1983,,,Sedang Dipinjam,Dikonfirmasi & diambil oleh peminjam — Agus Ajat,2026-06-18 04:12:54.247394+00,2026-06-18 08:41:59.29+00,kuasa,2026-06-18 04:12:54.247394+00,2026-06-18 08:41:59.315562+00,register,Agus Ajat,2026-06-18 08:41:59.29+00,,,BT & SU,
b296fcc8-842f-4d86-9e1e-0a8979a69171,REG-2026-16630,PRIORITAS — DANNY,prioritas@gmail.com,PERUBAHAN HAK,1307,HGB,Sukabumi Selatan,Kebon Jeruk,,,,Sedang Dipinjam,Dikonfirmasi & diambil oleh peminjam — Agus Ajat,2026-06-18 04:40:12.817967+00,2026-06-18 07:07:18.441+00,prioritas,2026-06-18 04:40:12.817967+00,2026-06-18 07:07:18.430919+00,register,Agus Ajat,2026-06-18 07:07:18.441+00,,,BT,
c5a996ee-954e-4dee-b511-9efcf16b56f8,REG-2026-51570,PRIORITAS — DANNY,prioritas@gmail.com,PEMECAHAN BIDANG,14845,HM,Tegal Alur,Kalideres,,,,Sedang Dipinjam,Dikonfirmasi & diambil oleh peminjam — Agus Ajat,2026-06-18 06:23:16.364005+00,2026-06-18 07:07:18.366+00,prioritas,2026-06-18 06:23:16.364005+00,2026-06-18 07:07:18.366115+00,register,Agus Ajat,2026-06-18 07:07:18.366+00,,,BT,
a17fe493-c4c3-4cc4-85c4-a54bceb35433,REG-2026-81180,PHP — saraya,php@gmail.com,SKPT,7227,HM,Kembangan Selatan,Kembangan,,,,Sedang Dipinjam,Dikonfirmasi & diambil oleh peminjam — Agus Ajat,2026-06-18 06:37:57.937077+00,2026-06-18 08:38:39.222+00,php,2026-06-18 06:37:57.937077+00,2026-06-18 08:38:39.244879+00,register,Agus Ajat,2026-06-18 08:38:39.222+00,,,BT,
e35ec196-2a84-4a57-8b3a-1a7d9f2dd95e,REG-2026-81181,PHP — saraya,php@gmail.com,SKPT,10255,HM,Duri Kepa,Kebon Jeruk,,,,Sedang Dipinjam,Dikonfirmasi & diambil oleh peminjam — Agus Ajat,2026-06-18 06:37:57.937077+00,2026-06-18 08:38:39.043+00,php,2026-06-18 06:37:57.937077+00,2026-06-18 08:38:39.065578+00,register,Agus Ajat,2026-06-18 08:38:39.043+00,,,BT,
65bc9e96-f96e-414a-bcfa-15a22d271fdc,REG-2026-81182,PHP — saraya,php@gmail.com,SKPT,842,HM,Duri Kepa,Kebon Jeruk,,,,Sedang Dipinjam,Dikonfirmasi & diambil oleh peminjam — Agus Ajat,2026-06-18 06:37:57.937077+00,2026-06-18 08:38:39.134+00,php,2026-06-18 06:37:57.937077+00,2026-06-18 08:38:39.155701+00,register,Agus Ajat,2026-06-18 08:38:39.134+00,,,BT,
471a85ab-ec84-4e7e-b4c5-f108a8dbb950,REG-2026-48550,PHP — ULFA UNTUK KASUBAG,php@gmail.com,PENELITIAN,8759,HM,Grogol,Grogol Petamburan,,,,Sudah Dikembalikan,Dikonfirmasi & diambil oleh peminjam — Agus Ajat,2026-06-18 06:59:44.28565+00,2026-06-18 07:55:37.993+00,php,2026-06-18 06:59:44.28565+00,2026-06-18 07:55:38.047168+00,register,Agus Ajat,2026-06-18 07:06:00.373+00,,,BT,
e0d356f6-f725-4d52-8ea6-574aafec3d4e,REG-2026-69170,PRIORITAS — DANNY,prioritas@gmail.com,PENGUKURAN ULANG DAN PEMETAAN KADASTRAL,13233,HM,Tegal Alur,Kalideres,,,,Sedang Dipinjam,Dikonfirmasi & diambil oleh peminjam — Agus Ajat,2026-06-18 07:09:48.166082+00,2026-06-18 07:15:45.808+00,prioritas,2026-06-18 07:09:48.166082+00,2026-06-18 07:15:45.802832+00,register,Agus Ajat,2026-06-18 07:15:45.808+00,,,BT,
351f5c5a-c169-41ce-a896-6464448cb291,REG-2026-22090,PRIORITAS — DANNY,prioritas@gmail.com,PERMOHONAN SK,7218,HGB,Cengkareng Timur,Cengkareng,,,,Sedang Dipinjam,Dikonfirmasi & diambil oleh peminjam — Agus Ajat,2026-06-18 07:20:03.463648+00,2026-06-18 08:37:56.618+00,prioritas,2026-06-18 07:20:03.463648+00,2026-06-18 08:37:56.643646+00,register,Agus Ajat,2026-06-18 08:37:56.618+00,,,BT,
8f0bb422-9ced-4df1-8fe5-3807b1d50cdd,REG-2026-18810,PHP — LALA / PAK BAMBANG,php@gmail.com,KEPENTINGAN DINAS/KEJAKSAAN,6849,HGB,Duri Kosambi,Cengkareng,,,,Sudah Dikembalikan,Dikonfirmasi & diambil oleh peminjam — Agus Ajat,2026-06-18 07:28:11.230239+00,2026-06-18 10:30:13.505+00,php,2026-06-18 07:28:11.230239+00,2026-06-18 10:30:13.5077+00,register,Agus Ajat,2026-06-18 08:38:38.534+00,,,BT,
b223ebb1-421a-4faa-9b36-b16fe82ebde0,REG-2026-18811,PHP — LALA / PAK BAMBANG,php@gmail.com,KEPENTINGAN DINAS/KEJAKSAAN,11845,HM,Duri Kosambi,Cengkareng,,,,Sudah Dikembalikan,Dikonfirmasi & diambil oleh peminjam — Agus Ajat,2026-06-18 07:28:11.230239+00,2026-06-18 10:30:16.652+00,php,2026-06-18 07:28:11.230239+00,2026-06-18 10:30:16.635446+00,register,Agus Ajat,2026-06-18 08:38:38.954+00,,,BT,
aff4f97a-4bce-4b1b-a779-2b94f2033e11,REG-2026-41990,PRIORITAS — DISTA,prioritas@gmail.com,SKPT,4764,HM,Rawa Buaya,Cengkareng,,,,Sedang Dipinjam,Dikonfirmasi & diambil oleh peminjam — Agus Ajat,2026-06-18 07:32:34.250311+00,2026-06-18 08:38:38.435+00,prioritas,2026-06-18 07:32:34.250311+00,2026-06-18 08:38:38.460493+00,register,Agus Ajat,2026-06-18 08:38:38.435+00,,,BT,
6f74fb3e-4520-4f7b-8cdf-b62669a7b331,REG-2026-57400,PRIORITAS — DANNY,prioritas@gmail.com,ROYA,2160,HM,Duri Kepa,Kebon Jeruk,,,8990/2011;4379/2016,Sedang Dipinjam,Dikonfirmasi & diambil oleh peminjam — Agus Ajat,2026-06-18 07:34:07.044312+00,2026-06-18 08:38:38.335+00,prioritas,2026-06-18 07:34:07.044312+00,2026-06-18 08:38:38.362153+00,register,Agus Ajat,2026-06-18 08:38:38.335+00,,,BT & HT,
e2c181ce-9490-42ec-ac3b-21746d7f2a03,REG-2026-81630,PRIORITAS — DANNY,prioritas@gmail.com,SKPT,299,HP,Kemanggisan,Palmerah,,,,Sedang Dipinjam,Dikonfirmasi & diambil oleh peminjam — Agus Ajat,2026-06-18 07:41:09.485987+00,2026-06-18 08:38:38.246+00,prioritas,2026-06-18 07:41:09.485987+00,2026-06-18 08:38:38.268559+00,register,Agus Ajat,2026-06-18 08:38:38.246+00,,,BT,
1377487d-131e-4cd9-b405-257f37f7fe8e,REG-2026-43810,KUASA — RIA,kuasa@gmail.com,PERUBAHAN HAK,06962,HM,Srengseng,Kembangan,,,,Sedang Dipinjam,Dikonfirmasi & diambil oleh peminjam — Agus Ajat,2026-06-18 07:47:34.666702+00,2026-06-18 08:41:58.918+00,kuasa,2026-06-18 07:47:34.666702+00,2026-06-18 08:41:58.942668+00,register,Agus Ajat,2026-06-18 08:41:58.918+00,,,BT,
837929e4-7adc-4750-9a27-058b1cdf2774,REG-2026-43811,KUASA — RIA,kuasa@gmail.com,PERUBAHAN HAK,1546,HM,Kemanggisan,Palmerah,,,,Sedang Dipinjam,Dikonfirmasi & diambil oleh peminjam — Agus Ajat,2026-06-18 07:47:34.666702+00,2026-06-18 08:41:59.095+00,kuasa,2026-06-18 07:47:34.666702+00,2026-06-18 08:41:59.124643+00,register,Agus Ajat,2026-06-18 08:41:59.095+00,,,BT,
d85d67f5-7c3d-4ed2-92f0-255f951d6bab,REG-2026-43812,KUASA — RIA,kuasa@gmail.com,PERUBAHAN HAK,1569,HM,Kemanggisan,Palmerah,,,,Sedang Dipinjam,Dikonfirmasi & diambil oleh peminjam — Agus Ajat,2026-06-18 07:47:34.666702+00,2026-06-18 08:41:59.005+00,kuasa,2026-06-18 07:47:34.666702+00,2026-06-18 08:41:59.028312+00,register,Agus Ajat,2026-06-18 08:41:59.005+00,,,BT,
0068e8cc-8a79-4054-b884-f3961d096490,REG-2026-43815,KUASA — RIA,kuasa@gmail.com,PERUBAHAN HAK,9385,HMSRS,Tanjung Duren Selatan,Grogol Petamburan,,,,Sedang Dipinjam,Dikonfirmasi & diambil oleh peminjam — Agus Ajat,2026-06-18 07:47:34.666702+00,2026-06-18 08:40:41.174+00,kuasa,2026-06-18 07:47:34.666702+00,2026-06-18 08:40:41.19686+00,register,Agus Ajat,2026-06-18 08:40:41.174+00,,,BT,
d34fe42f-5154-430c-9523-2cf98b93e0a7,REG-2026-43816,KUASA — RIA,kuasa@gmail.com,PERUBAHAN HAK,11055,HGB,Cengkareng Barat,Cengkareng,,,,Sedang Dipinjam,Dikonfirmasi & diambil oleh peminjam — Agus Ajat,2026-06-18 07:47:34.666702+00,2026-06-18 08:41:59.192+00,kuasa,2026-06-18 07:47:34.666702+00,2026-06-18 08:41:59.217085+00,register,Agus Ajat,2026-06-18 08:41:59.192+00,,,BT,
9a9f620b-c237-4e6c-9174-3c757949de20,REG-2026-43817,KUASA — RIA,kuasa@gmail.com,PERUBAHAN HAK,6702,HGB,Srengseng,Kembangan,,,,Sedang Dipinjam,Dikonfirmasi & diambil oleh peminjam — Agus Ajat,2026-06-18 07:47:34.666702+00,2026-06-18 08:41:58.804+00,kuasa,2026-06-18 07:47:34.666702+00,2026-06-18 08:41:58.837286+00,register,Agus Ajat,2026-06-18 08:41:58.804+00,,,BT,
39fc0092-d731-4e5d-a9e9-0ca3c54043d4,REG-2026-60500,PHP — Hendra,php@gmail.com,PENGHAPUSAN BPHTB,7039,HM,Kapuk,Cengkareng,,,,Sedang Dipinjam,Dikonfirmasi & diambil oleh peminjam — Agus Ajat,2026-06-18 07:47:57.788366+00,2026-06-19 02:45:21.397+00,php,2026-06-18 07:47:57.788366+00,2026-06-19 02:45:21.403332+00,register,Agus Ajat,2026-06-19 02:45:21.397+00,,,BT,
4750138b-b39e-459c-ac3b-f196c7d271fe,REG-2026-60501,PHP — Hendra,php@gmail.com,PENGHAPUSAN BPHTB,7880,HM,Kedoya Utara,Kebon Jeruk,,,,Sedang Dipinjam,Dikonfirmasi & diambil oleh peminjam — Agus Ajat,2026-06-18 07:47:57.788366+00,2026-06-19 02:45:21.496+00,php,2026-06-18 07:47:57.788366+00,2026-06-19 02:45:21.479946+00,register,Agus Ajat,2026-06-19 02:45:21.496+00,,,BT,
b6133c9a-f5f0-4866-86bf-dc7effd2ab9c,REG-2026-60502,PHP — Hendra,php@gmail.com,PENGHAPUSAN BPHTB,8837,HGB,Jelambar Baru,Grogol Petamburan,,,,Sedang Dipinjam,Dikonfirmasi & diambil oleh peminjam — Agus Ajat,2026-06-18 07:47:57.788366+00,2026-06-19 02:45:21.559+00,php,2026-06-18 07:47:57.788366+00,2026-06-19 02:45:21.543589+00,register,Agus Ajat,2026-06-19 02:45:21.559+00,,,BT,
22303a1f-3754-4d00-8186-96c8dcd4cda6,REG-2026-00470,PRIORITAS — DANNY,prioritas@gmail.com,ROYA,06252,HM,Kapuk,Cengkareng,,,3568/2019,Sedang Dipinjam,Dikonfirmasi & diambil oleh peminjam — Agus Ajat,2026-06-18 08:19:40.126916+00,2026-06-18 08:37:26.565+00,prioritas,2026-06-18 08:19:40.126916+00,2026-06-18 08:37:26.5982+00,register,Agus Ajat,2026-06-18 08:37:26.565+00,,,BT & HT,
5fdc0249-5dc4-47a8-8f35-5ab0ae3291d7,REG-2026-17540,KUASA — RIA OKTAVIANTI,ajat@gmail.com,GANTI NAMA PEMEGANG HT,0,HM,Kalideres,Kalideres,,,3567/2017,Sedang Dipinjam,Dikonfirmasi & diambil oleh peminjam — Agus Ajat,2026-06-18 08:33:02.538811+00,2026-06-18 08:40:40.997+00,agusajat,2026-06-18 08:33:02.538811+00,2026-06-18 08:40:41.022528+00,register,Agus Ajat,2026-06-18 08:40:40.997+00,,,BT,
0b124f86-98a8-4998-a71a-962b262195e5,REG-2026-17541,KUASA — RIA OKTAVIANTI,ajat@gmail.com,GANTI NAMA PEMEGANG HT,0,HMSRS,Mangga Besar,Taman Sari,,,7107/2005,Sedang Dipinjam,Dikonfirmasi & diambil oleh peminjam — Agus Ajat,2026-06-18 08:33:02.538811+00,2026-06-18 08:40:41.09+00,agusajat,2026-06-18 08:33:02.538811+00,2026-06-18 08:40:41.113975+00,register,Agus Ajat,2026-06-18 08:40:41.09+00,,,BT,
0fade7f5-94a6-46f7-9652-685deb0dee32,REG-2026-99770,KUASA — RIA OKTAVIANTI,ajat@gmail.com,CASIEE,0,HM,Tomang,Grogol Petamburan,,,4900/2013,Sedang Dipinjam,Dikonfirmasi & diambil oleh peminjam — Agus Ajat,2026-06-18 08:35:00.759567+00,2026-06-18 08:40:40.876+00,agusajat,2026-06-18 08:35:00.759567+00,2026-06-18 08:40:40.930126+00,register,Agus Ajat,2026-06-18 08:40:40.876+00,,,,
7ba4c270-d277-4b9e-ab57-e4fd046ddbdb,REG-2026-44070,KUASA — RIA,kuasa@gmail.com,PERALIHAN HAK WARIS,2075,HM,Tanah Sereal,Tambora,,,,Sedang Dipinjam,Dikonfirmasi & diambil oleh peminjam — Agus Ajat,2026-06-18 09:01:34.753473+00,2026-06-19 02:32:39.111+00,kuasa,2026-06-18 09:01:34.753473+00,2026-06-19 02:32:39.093069+00,register,Agus Ajat,2026-06-19 02:32:39.111+00,,,BT,
d49b6063-0574-417c-8b7a-ad526c064075,REG-2026-44071,KUASA — RIA,kuasa@gmail.com,PERALIHAN HAK WARIS,987,HM,Glodok,Taman Sari,,,,Sedang Dipinjam,Dikonfirmasi & diambil oleh peminjam — Agus Ajat,2026-06-18 09:01:34.753473+00,2026-06-19 02:32:39.204+00,kuasa,2026-06-18 09:01:34.753473+00,2026-06-19 02:32:39.183159+00,register,Agus Ajat,2026-06-19 02:32:39.204+00,,,BT,
1f890094-e215-49dc-a3e8-3271f1500e3a,REG-2026-44072,KUASA — RIA,kuasa@gmail.com,PERALIHAN HAK WARIS,7516,HM,Joglo,Kembangan,,,,Sedang Dipinjam,Dikonfirmasi & diambil oleh peminjam — Agus Ajat,2026-06-18 09:01:34.753473+00,2026-06-19 02:32:39.02+00,kuasa,2026-06-18 09:01:34.753473+00,2026-06-19 02:32:38.99787+00,register,Agus Ajat,2026-06-19 02:32:39.02+00,,,BT,
863485f6-9ba3-4559-9ef8-717eada5c4c5,REG-2026-66310,PHP — Saraya,php@gmail.com,SKPT,11845,HM,Duri Kosambi,Cengkareng,,,,Sedang Dipinjam,Dikonfirmasi & diambil oleh peminjam — Agus Ajat,2026-06-18 09:07:38.434195+00,2026-06-19 02:32:38.926+00,php,2026-06-18 09:07:38.434195+00,2026-06-19 02:32:38.906477+00,register,Agus Ajat,2026-06-19 02:32:38.926+00,,,BT,
68b63f99-fc7c-45a3-8b93-5d4e963f6a29,REG-2026-66311,PHP — Saraya,php@gmail.com,SKPT,1434,HM,Kedoya Utara,Kebon Jeruk,,,,Sedang Dipinjam,Dikonfirmasi & diambil oleh peminjam — Agus Ajat,2026-06-18 09:07:38.434195+00,2026-06-19 02:32:38.289+00,php,2026-06-18 09:07:38.434195+00,2026-06-19 02:32:38.270494+00,register,Agus Ajat,2026-06-19 02:32:38.289+00,,,BT,
cf71c6fc-4b1e-441a-ab95-99b2ff050ad5,REG-2026-66312,PHP — Saraya,php@gmail.com,SKPT,2310,HGB,Maphar,Taman Sari,,,,Sedang Dipinjam,Dikonfirmasi & diambil oleh peminjam — Agus Ajat,2026-06-18 09:07:38.434195+00,2026-06-19 02:32:38.381+00,php,2026-06-18 09:07:38.434195+00,2026-06-19 02:32:38.369232+00,register,Agus Ajat,2026-06-19 02:32:38.381+00,,,BT,
6f6fb086-c358-4d6e-8f95-a55857798637,REG-2026-66313,PHP — Saraya,php@gmail.com,SKPT,2309,HGB,Maphar,Taman Sari,,,,Sedang Dipinjam,Dikonfirmasi & diambil oleh peminjam — Agus Ajat,2026-06-18 09:07:38.434195+00,2026-06-19 02:32:38.733+00,php,2026-06-18 09:07:38.434195+00,2026-06-19 02:32:38.719079+00,register,Agus Ajat,2026-06-19 02:32:38.733+00,,,BT,
23f08dc5-5e42-4c77-b40a-0ad1d22f5f25,REG-2026-66314,PHP — Saraya,php@gmail.com,SKPT,2010,HGB,Maphar,Taman Sari,,,,Sedang Dipinjam,Dikonfirmasi & diambil oleh peminjam — Agus Ajat,2026-06-18 09:07:38.434195+00,2026-06-19 02:32:38.479+00,php,2026-06-18 09:07:38.434195+00,2026-06-19 02:32:38.458763+00,register,Agus Ajat,2026-06-19 02:32:38.479+00,,,BT,
9ab85b6e-a6ea-430c-8d88-5af40380796f,REG-2026-66315,PHP — Saraya,php@gmail.com,SKPT,2006,HGB,Maphar,Taman Sari,,,,Sedang Dipinjam,Dikonfirmasi & diambil oleh peminjam — Agus Ajat,2026-06-18 09:07:38.434195+00,2026-06-19 02:32:38.833+00,php,2026-06-18 09:07:38.434195+00,2026-06-19 02:32:38.813332+00,register,Agus Ajat,2026-06-19 02:32:38.833+00,,,BT,
9d4d91e7-69e2-4002-9351-cc029dbfb3ce,REG-2026-66316,PHP — Saraya,php@gmail.com,SKPT,2007,HGB,Maphar,Taman Sari,,,,Sedang Dipinjam,Dikonfirmasi & diambil oleh peminjam — Agus Ajat,2026-06-18 09:07:38.434195+00,2026-06-19 02:32:38.562+00,php,2026-06-18 09:07:38.434195+00,2026-06-19 02:32:38.541253+00,register,Agus Ajat,2026-06-19 02:32:38.562+00,,,BT,
bfcf08f1-a66e-4f00-a9f3-f934d479a605,REG-2026-66317,PHP — Saraya,php@gmail.com,SKPT,1408,HGB,Sukabumi Selatan,Kebon Jeruk,,,,Sedang Dipinjam,Dikonfirmasi & diambil oleh peminjam — Agus Ajat,2026-06-18 09:07:38.434195+00,2026-06-19 02:32:38.65+00,php,2026-06-18 09:07:38.434195+00,2026-06-19 02:32:38.629309+00,register,Agus Ajat,2026-06-19 02:32:38.65+00,,,BT,
614c7cc7-83b9-450e-a550-f990d8af1696,REG-2026-53980,KUASA — RIA,kuasa@gmail.com,PERUBAHAN HAK,8243,HGB,Srengseng,Kembangan,,,,Sedang Dipinjam,Dikonfirmasi & diambil oleh peminjam — Agus Ajat,2026-06-18 09:10:35.743592+00,2026-06-19 02:32:38.11+00,kuasa,2026-06-18 09:10:35.743592+00,2026-06-19 02:32:38.093446+00,register,Agus Ajat,2026-06-19 02:32:38.11+00,,,BT,
cc9ef20f-b917-447f-9134-d5e353b4e567,REG-2026-53981,KUASA — RIA,kuasa@gmail.com,PERUBAHAN HAK,8244,HGB,Srengseng,Kembangan,,,,Sedang Dipinjam,Dikonfirmasi & diambil oleh peminjam — Agus Ajat,2026-06-18 09:10:35.743592+00,2026-06-19 02:32:37.842+00,kuasa,2026-06-18 09:10:35.743592+00,2026-06-19 02:32:37.823967+00,register,Agus Ajat,2026-06-19 02:32:37.842+00,,,BT,
02c9ece3-4046-48b9-ac09-42139053f5fb,REG-2026-539810,KUASA — RIA,kuasa@gmail.com,PERUBAHAN HAK,10781,HGB,Pegadungan,Kalideres,,,,Sedang Dipinjam,Dikonfirmasi & diambil oleh peminjam — Agus Ajat,2026-06-18 09:10:35.743592+00,2026-06-19 02:32:37.745+00,kuasa,2026-06-18 09:10:35.743592+00,2026-06-19 02:32:37.728992+00,register,Agus Ajat,2026-06-19 02:32:37.745+00,,,BT,
21a10251-fec4-4258-a9b9-697cec5e2fa2,REG-2026-53982,KUASA — RIA,kuasa@gmail.com,PERUBAHAN HAK,4019,HM,Tomang,Grogol Petamburan,,,,Sedang Dipinjam,Dikonfirmasi & diambil oleh peminjam — Agus Ajat,2026-06-18 09:10:35.743592+00,2026-06-19 02:32:38.202+00,kuasa,2026-06-18 09:10:35.743592+00,2026-06-19 02:32:38.182433+00,register,Agus Ajat,2026-06-19 02:32:38.202+00,,,BT,
f62105da-721c-461f-bf6d-b21a65b9613c,REG-2026-53983,KUASA — RIA,kuasa@gmail.com,PERUBAHAN HAK,448,HM,Kalianyar,Tambora,,,,Sedang Dipinjam,Dikonfirmasi & diambil oleh peminjam — Agus Ajat,2026-06-18 09:10:35.743592+00,2026-06-19 02:32:38.021+00,kuasa,2026-06-18 09:10:35.743592+00,2026-06-19 02:32:38.001258+00,register,Agus Ajat,2026-06-19 02:32:38.021+00,,,BT,
aa88e02e-5b4f-4bf8-8835-a66162927195,REG-2026-53984,KUASA — RIA,kuasa@gmail.com,PERUBAHAN HAK,1070,HM,Jelambar Baru,Grogol Petamburan,,,,Sedang Dipinjam,Dikonfirmasi & diambil oleh peminjam — Agus Ajat,2026-06-18 09:10:35.743592+00,2026-06-19 02:32:37.304+00,kuasa,2026-06-18 09:10:35.743592+00,2026-06-19 02:32:37.283727+00,register,Agus Ajat,2026-06-19 02:32:37.304+00,,,BT,
d6ae6651-e3bc-49b2-bb7d-51e5eae3fafe,REG-2026-53985,KUASA — RIA,kuasa@gmail.com,PERUBAHAN HAK,8173,HMSRS,Tanjung Duren Selatan,Grogol Petamburan,,,,Sedang Dipinjam,Dikonfirmasi & diambil oleh peminjam — Agus Ajat,2026-06-18 09:10:35.743592+00,2026-06-19 02:32:37.932+00,kuasa,2026-06-18 09:10:35.743592+00,2026-06-19 02:32:37.912292+00,register,Agus Ajat,2026-06-19 02:32:37.932+00,,,BT,
87f3024a-b9ee-4dd0-89fe-21261ddcbd32,REG-2026-53986,KUASA — RIA,kuasa@gmail.com,PERUBAHAN HAK,8568,HMSRS,Tanjung Duren Selatan,Grogol Petamburan,,,,Sedang Dipinjam,Dikonfirmasi & diambil oleh peminjam — Agus Ajat,2026-06-18 09:10:35.743592+00,2026-06-19 02:32:37.565+00,kuasa,2026-06-18 09:10:35.743592+00,2026-06-19 02:32:37.547259+00,register,Agus Ajat,2026-06-19 02:32:37.565+00,,,BT,
27757cb1-4a8b-46e5-bdb2-3406e3d84e0e,REG-2026-53987,KUASA — RIA,kuasa@gmail.com,PERUBAHAN HAK,6840,HMSRS,Tanjung Duren Selatan,Grogol Petamburan,,,,Sedang Dipinjam,Dikonfirmasi & diambil oleh peminjam — Agus Ajat,2026-06-18 09:10:35.743592+00,2026-06-19 02:32:37.394+00,kuasa,2026-06-18 09:10:35.743592+00,2026-06-19 02:32:37.37331+00,register,Agus Ajat,2026-06-19 02:32:37.394+00,,,BT,
cc058495-a97d-4c46-88f4-f568348da48c,REG-2026-53988,KUASA — RIA,kuasa@gmail.com,PERUBAHAN HAK,7160,HMSRS,Tanjung Duren Selatan,Grogol Petamburan,,,,Sedang Dipinjam,Dikonfirmasi & diambil oleh peminjam — Agus Ajat,2026-06-18 09:10:35.743592+00,2026-06-19 02:32:37.482+00,kuasa,2026-06-18 09:10:35.743592+00,2026-06-19 02:32:37.461516+00,register,Agus Ajat,2026-06-19 02:32:37.482+00,,,BT,
6281e0a8-2e78-4fc2-8a1c-8193e41363ee,REG-2026-53989,KUASA — RIA,kuasa@gmail.com,PERUBAHAN HAK,10782,HGB,Pegadungan,Kalideres,,,,Sedang Dipinjam,Dikonfirmasi & diambil oleh peminjam — Agus Ajat,2026-06-18 09:10:35.743592+00,2026-06-19 02:32:37.659+00,kuasa,2026-06-18 09:10:35.743592+00,2026-06-19 02:32:37.639997+00,register,Agus Ajat,2026-06-19 02:32:37.659+00,,,BT,
56e5b199-2c6b-4861-8486-3eb3483a935c,REG-2026-38770,PHP — saraya,php@gmail.com,SKPT,1547,HM,Semanan,Kalideres,,,,Sedang Dipinjam,Dikonfirmasi & diambil oleh peminjam — Agus Ajat,2026-06-18 09:28:43.720242+00,2026-06-19 02:32:37.097+00,php,2026-06-18 09:28:43.720242+00,2026-06-19 02:32:37.087761+00,register,Agus Ajat,2026-06-19 02:32:37.097+00,,,BT,
b041383c-317f-4672-b654-458292135891,REG-2026-38771,PHP — saraya,php@gmail.com,SKPT,9351,HGB,Kamal,Kalideres,,,,Sedang Dipinjam,Dikonfirmasi & diambil oleh peminjam — Agus Ajat,2026-06-18 09:28:43.720242+00,2026-06-19 02:32:37.213+00,php,2026-06-18 09:28:43.720242+00,2026-06-19 02:32:37.192776+00,register,Agus Ajat,2026-06-19 02:32:37.213+00,,,BT,
07ad3399-6efe-4460-a088-542e4692078b,REG-2026-24060,PENETAPAN — SATAL 34049/2026,penetapan@gmail.com,PERMOHONAN SK,758,HGB,Jembatan Besi,Tambora,,,,Sedang Dipinjam,Dikonfirmasi & diambil oleh peminjam — Agus Ajat,2026-06-18 09:38:02.7189+00,2026-06-19 01:23:05.626+00,penetapan,2026-06-18 09:38:02.7189+00,2026-06-19 01:23:05.648027+00,register,Agus Ajat,2026-06-19 01:23:05.626+00,,,BT,
2552d616-bd97-44ee-aefb-b97d4388c1ad,REG-2026-48700,PENETAPAN — SATAL 32632/2026,penetapan@gmail.com,PERMOHONAN SK,2442,HGB,Tamansari,Taman Sari,,,,Sedang Dipinjam,Dikonfirmasi & diambil oleh peminjam — Agus Ajat,2026-06-18 09:39:15.197273+00,2026-06-19 01:23:05.552+00,penetapan,2026-06-18 09:39:15.197273+00,2026-06-19 01:23:05.574626+00,register,Agus Ajat,2026-06-19 01:23:05.552+00,,,BT,
ce979a23-b9f8-439e-acb1-62d7be819b5d,REG-2026-67780,PENETAPAN — SRI KUNTADI 28273/2026,penetapan@gmail.com,PERMOHONAN SK,790,HGB,Tamansari,Taman Sari,,,,Proses Dikembalikan,Dikonfirmasi & diambil oleh peminjam — Agus Ajat,2026-06-18 09:40:27.093383+00,2026-06-19 05:55:34.346+00,penetapan,2026-06-18 09:40:27.093383+00,2026-06-19 05:55:34.345909+00,register,Agus Ajat,2026-06-19 01:23:05.474+00,,,BT,
861af17f-f1b8-4165-aa1c-8345959885df,REG-2026-63370,PENETAPAN — SRI KUNTADI 28249/2026,penetapan@gmail.com,PERMOHONAN SK,789,HGB,Tamansari,Taman Sari,,,,Proses Dikembalikan,Dikonfirmasi & diambil oleh peminjam — Agus Ajat,2026-06-18 09:41:16.616142+00,2026-06-19 05:54:37.904+00,penetapan,2026-06-18 09:41:16.616142+00,2026-06-19 05:54:37.906448+00,register,Agus Ajat,2026-06-19 01:23:05.38+00,,,BT,
decc3297-3a8d-42b3-9be2-4927d04b4ce9,REG-2026-56340,PENETAPAN — SATAL 31355/2026,penetapan@gmail.com,PERMOHONAN SK,2625,HGB,Roa Malaka,Tambora,,,,Sedang Dipinjam,Dikonfirmasi & diambil oleh peminjam — Agus Ajat,2026-06-18 10:37:15.726198+00,2026-06-19 01:23:05.3+00,penetapan,2026-06-18 10:37:15.726198+00,2026-06-19 01:23:05.324061+00,register,Agus Ajat,2026-06-19 01:23:05.3+00,,,BT,
4f6e513f-fced-4829-8ebd-295fa711ae8f,REG-2026-75130,PENETAPAN — SRI KUNTADI 36109/2026,penetapan@gmail.com,PERMOHONAN SK,6807,HGB,Kalideres,Kalideres,,,,Sedang Dipinjam,Dikonfirmasi & diambil oleh peminjam — Agus Ajat,2026-06-18 10:38:57.601215+00,2026-06-19 01:23:05.221+00,penetapan,2026-06-18 10:38:57.601215+00,2026-06-19 01:23:05.24489+00,register,Agus Ajat,2026-06-19 01:23:05.221+00,,,BT,
4238a3a8-cb94-4979-9ad2-eed6f130f1f2,REG-2026-14080,PENETAPAN — SRI KUNTADI 36106/2026,penetapan@gmail.com,PERMOHONAN SK,6818,HGB,Kalideres,Kalideres,,,,Sedang Dipinjam,Dikonfirmasi & diambil oleh peminjam — Agus Ajat,2026-06-18 10:39:51.495116+00,2026-06-19 01:23:05.144+00,penetapan,2026-06-18 10:39:51.495116+00,2026-06-19 01:23:05.167255+00,register,Agus Ajat,2026-06-19 01:23:05.144+00,,,BT,
438fe00f-b65f-4f7f-8e53-5c122e858ac7,REG-2026-11380,PENETAPAN — WORO 15426/2026,penetapan@gmail.com,PERMOHONAN SK,4653,HGB,Wijaya Kusuma,Grogol Petamburan,,,,Sedang Dipinjam,Dikonfirmasi & diambil oleh peminjam — Agus Ajat,2026-06-18 11:18:21.256099+00,2026-06-19 01:23:05.067+00,penetapan,2026-06-18 11:18:21.256099+00,2026-06-19 01:23:05.090325+00,register,Agus Ajat,2026-06-19 01:23:05.067+00,,,BT,
b7dfb83b-6db8-449f-a32d-9621d6884fd9,REG-2026-22690,PENETAPAN — WORO 17306/2026,penetapan@gmail.com,PERMOHONAN SK,6098,HGB,Kembangan Utara,Kembangan,,,,Sedang Dipinjam,Dikonfirmasi & diambil oleh peminjam — Agus Ajat,2026-06-18 11:39:42.75585+00,2026-06-19 01:23:04.952+00,penetapan,2026-06-18 11:39:42.75585+00,2026-06-19 01:23:04.995373+00,register,Agus Ajat,2026-06-19 01:23:04.952+00,,,BT,
6cd5f14f-b393-4e27-9919-05a7bb609ae5,REG-2026-64590,KUASA — RIA OKTAVIANTI,kuasa@gmail.com,PERALIHAN HAK WARIS,7481,HM,Pegadungan,Kalideres,,,,Sedang Dipinjam,Dikonfirmasi & diambil oleh peminjam — Agus Ajat,2026-06-18 11:53:16.57695+00,2026-06-19 10:16:03.392+00,kuasa,2026-06-18 11:53:16.57695+00,2026-06-19 10:16:03.3767+00,register,Agus Ajat,2026-06-19 10:16:03.392+00,,,BT,
ad573bad-7be5-46de-8e86-beebd9fa33dd,REG-2026-40740,KUASA — RIA OKTAVIANTI,kuasa@gmail.com,PERUBAHAN HAK,7987,HGB,Tegal Alur,Kalideres,,,,Sedang Dipinjam,Dikonfirmasi & diambil oleh peminjam — Agus Ajat,2026-06-18 11:54:04.163975+00,2026-06-19 10:16:03.333+00,kuasa,2026-06-18 11:54:04.163975+00,2026-06-19 10:16:03.313964+00,register,Agus Ajat,2026-06-19 10:16:03.333+00,,,BT,
00d4b3cc-eb9b-4e97-84da-e502707ad06d,REG-2026-27590,PRIORITAS — Dista,prioritas@gmail.com,PENGHAPUSAN BPHTB,10218,HGB,Kalideres,Kalideres,,,,Sedang Dipinjam,Dikonfirmasi & diambil oleh peminjam — Agus Ajat,2026-06-19 01:16:40.438022+00,2026-06-19 01:20:27.848+00,prioritas,2026-06-19 01:16:40.438022+00,2026-06-19 01:20:27.872393+00,register,Agus Ajat,2026-06-19 01:20:27.848+00,,,BT,
c40accdc-7809-4b62-81d4-1202b610efac,REG-2026-72980,PRIORITAS — Dista,prioritas@gmail.com,PERALIHAN HAK WARIS,3505,HM,Kamal,Kalideres,,,,Sedang Dipinjam,Dikonfirmasi & diambil oleh peminjam — Agus Ajat,2026-06-19 01:17:24.971629+00,2026-06-19 01:20:27.767+00,prioritas,2026-06-19 01:17:24.971629+00,2026-06-19 01:20:27.791011+00,register,Agus Ajat,2026-06-19 01:20:27.767+00,,,BT,
f4a66ad7-c560-4965-93ca-b18f259a7c06,REG-2026-30210,PRIORITAS — DANNY,prioritas@gmail.com,PERALIHAN HAK WARIS,6207,HM,Tegal Alur,Kalideres,,,,Sedang Dipinjam,Dikonfirmasi & diambil oleh peminjam — Agus Ajat,2026-06-19 02:06:13.788713+00,2026-06-19 02:17:05.324+00,prioritas,2026-06-19 02:06:13.788713+00,2026-06-19 02:17:05.30324+00,register,Agus Ajat,2026-06-19 02:17:05.324+00,,,BT,
2c41b255-7e41-470c-845a-e3b50bb2f560,REG-2026-58710,PRIORITAS — DANNY,prioritas@gmail.com,PENGUKURAN ULANG DAN PEMETAAN KADASTRAL,7293,HGB,Wijaya Kusuma,Grogol Petamburan,,,,Sedang Dipinjam,Dikonfirmasi & diambil oleh peminjam — Agus Ajat,2026-06-19 02:23:56.657812+00,2026-06-19 02:29:39.668+00,prioritas,2026-06-19 02:23:56.657812+00,2026-06-19 02:29:39.647367+00,register,Agus Ajat,2026-06-19 02:29:39.668+00,,,BT,
55c86f42-5e5d-452d-b3a6-aaad5e3a63bd,REG-2026-63630,PRIORITAS — DANNY,prioritas@gmail.com,ROYA,2760,HM,Palmerah,Palmerah,,,7379/2015;5560/2014,Sedang Dipinjam,Dikonfirmasi & diambil oleh peminjam — Agus Ajat,2026-06-19 02:34:47.164332+00,2026-06-19 02:41:08.311+00,prioritas,2026-06-19 02:34:47.164332+00,2026-06-19 02:41:08.303427+00,register,Agus Ajat,2026-06-19 02:41:08.311+00,,,BT & HT,
1e9e410d-ad75-4de0-896b-18e49bb7fa65,REG-2026-75970,PRIORITAS — Dista,prioritas@gmail.com,PENGHAPUSAN BPHTB,01845,HGB,Kelapa Dua,Kebon Jeruk,,,,Sedang Dipinjam,Dikonfirmasi & diambil oleh peminjam — Agus Ajat,2026-06-19 02:42:55.25944+00,2026-06-19 03:55:32.226+00,prioritas,2026-06-19 02:42:55.25944+00,2026-06-19 03:55:32.209534+00,register,Agus Ajat,2026-06-19 03:55:32.226+00,,,BT,
9361c367-3337-448f-aff4-fad5b57c6261,REG-2026-88100,KUASA — LOKET OJAN,kuasa@gmail.com,PERPANJANGAN HGB,8701,HGB,Cengkareng Timur,Cengkareng,,,,Sedang Dipinjam,Dikonfirmasi & diambil oleh peminjam — Agus Ajat,2026-06-19 02:49:29.035356+00,2026-06-19 10:16:03.287+00,kuasa,2026-06-19 02:49:29.035356+00,2026-06-19 10:16:03.26559+00,register,Agus Ajat,2026-06-19 10:16:03.287+00,,,BT,
1b9d9a7f-7aa1-4418-8f84-4e854046fae2,REG-2026-33290,KUASA — LOKET OJAN,kuasa@gmail.com,SKPT,972,HGB,Keagungan,Taman Sari,,,,Sedang Dipinjam,Dikonfirmasi & diambil oleh peminjam — Agus Ajat,2026-06-19 02:52:53.551122+00,2026-06-19 10:16:03.189+00,kuasa,2026-06-19 02:52:53.551122+00,2026-06-19 10:16:03.169882+00,register,Agus Ajat,2026-06-19 10:16:03.189+00,,,BT,
e7c107c0-c27e-4121-8112-7df7027abd6b,REG-2026-33291,KUASA — LOKET OJAN,kuasa@gmail.com,SKPT,834,HGB,Pekojan,Tambora,,,,Proses Pencarian,,2026-06-19 02:52:53.551122+00,2026-06-19 02:52:53.551122+00,kuasa,2026-06-19 02:52:53.551122+00,2026-06-19 02:52:53.551122+00,register,,,,,BT,
3f2578f8-0174-4782-bf71-56122c5a6aac,REG-2026-33292,KUASA — LOKET OJAN,kuasa@gmail.com,SKPT,19426,HM,Pegadungan,Kalideres,,,,Sedang Dipinjam,Dikonfirmasi & diambil oleh peminjam — Agus Ajat,2026-06-19 02:52:53.551122+00,2026-06-19 10:16:03.142+00,kuasa,2026-06-19 02:52:53.551122+00,2026-06-19 10:16:03.12232+00,register,Agus Ajat,2026-06-19 10:16:03.142+00,,,BT,
134518d6-8521-4554-a944-d56849fd5097,REG-2026-33293,KUASA — LOKET OJAN,kuasa@gmail.com,SKPT,1919,HGB,Tangki,Taman Sari,,,,Sedang Dipinjam,Dikonfirmasi & diambil oleh peminjam — Agus Ajat,2026-06-19 02:52:53.551122+00,2026-06-19 10:16:03.237+00,kuasa,2026-06-19 02:52:53.551122+00,2026-06-19 10:16:03.216118+00,register,Agus Ajat,2026-06-19 10:16:03.237+00,,,BT,
0f84384d-510c-4fb9-ac4e-86b1a302a50d,REG-2026-33294,KUASA — LOKET OJAN,kuasa@gmail.com,SKPT,8730,HGB,Cengkareng Barat,Cengkareng,,,,Sedang Dipinjam,Dikonfirmasi & diambil oleh peminjam — Agus Ajat,2026-06-19 02:52:53.551122+00,2026-06-19 10:16:03.09+00,kuasa,2026-06-19 02:52:53.551122+00,2026-06-19 10:16:03.069451+00,register,Agus Ajat,2026-06-19 10:16:03.09+00,,,BT,
04be4486-8293-4465-8f39-b1a3ebcf1547,REG-2026-50030,PRIORITAS — DANNY,prioritas@gmail.com,PERPANJANGAN HGB,8708,HGB,Kalideres,Kalideres,,,,Sedang Dipinjam,Dikonfirmasi & diambil oleh peminjam — Agus Ajat,2026-06-19 03:08:25.842456+00,2026-06-19 03:55:32.147+00,prioritas,2026-06-19 03:08:25.842456+00,2026-06-19 03:55:32.129735+00,register,Agus Ajat,2026-06-19 03:55:32.147+00,,,BT,
b87f0507-b0bf-411f-96e2-e4d1f6874336,REG-2026-32860,PHP — Saraya,php@gmail.com,SKPT,10286,HM,Duri Kepa,Kebon Jeruk,,,,Sedang Dipinjam,Dikonfirmasi & diambil oleh peminjam — Agus Ajat,2026-06-19 03:13:54.975085+00,2026-06-19 10:16:02.992+00,php,2026-06-19 03:13:54.975085+00,2026-06-19 10:16:02.971972+00,register,Agus Ajat,2026-06-19 10:16:02.992+00,,,BT,
8e226e2e-f807-4c37-8316-f49dce841251,REG-2026-32861,PHP — Saraya,php@gmail.com,SKPT,7150,HGB,Kalideres,Kalideres,,,,Sedang Dipinjam,Dikonfirmasi & diambil oleh peminjam — Agus Ajat,2026-06-19 03:13:54.975085+00,2026-06-19 10:16:03.042+00,php,2026-06-19 03:13:54.975085+00,2026-06-19 10:16:03.022458+00,register,Agus Ajat,2026-06-19 10:16:03.042+00,,,BT,
0d9a0dec-4401-42ba-aa2c-f48abcd29a3c,REG-2026-67330,KUASA — RIA OKTAVIANTI,kuasa@gmail.com,GANTI BLANKO / RUSAK,3611,HGB,Rawa Buaya,Cengkareng,,,,Sedang Dipinjam,Dikonfirmasi & diambil oleh peminjam — Agus Ajat,2026-06-19 03:39:39.360248+00,2026-06-19 04:34:04.038+00,kuasa,2026-06-19 03:39:39.360248+00,2026-06-19 04:34:04.021398+00,register,Agus Ajat,2026-06-19 04:34:04.038+00,,,BT,
5f50b2b3-a0c9-46d7-b012-e05afff5b980,REG-2026-67331,KUASA — RIA OKTAVIANTI,kuasa@gmail.com,GANTI BLANKO / RUSAK,3610,HGB,Rawa Buaya,Cengkareng,,,,Sedang Dipinjam,Dikonfirmasi & diambil oleh peminjam — Agus Ajat,2026-06-19 03:39:39.360248+00,2026-06-19 04:34:03.903+00,kuasa,2026-06-19 03:39:39.360248+00,2026-06-19 04:34:03.887968+00,register,Agus Ajat,2026-06-19 04:34:03.903+00,,,BT,
856a28cb-9f3f-4dd9-b269-0ee59d893d01,REG-2026-67332,KUASA — RIA OKTAVIANTI,kuasa@gmail.com,GANTI BLANKO / RUSAK,3668,HGB,Rawa Buaya,Cengkareng,,,,Sedang Dipinjam,Dikonfirmasi & diambil oleh peminjam — Agus Ajat,2026-06-19 03:39:39.360248+00,2026-06-19 04:34:03.984+00,kuasa,2026-06-19 03:39:39.360248+00,2026-06-19 04:34:03.97+00,register,Agus Ajat,2026-06-19 04:34:03.984+00,,,BT,
c3915f3f-3bef-4c5d-91e0-2563c4740188,REG-2026-49100,KUASA — LOKET OJAN,kuasa@gmail.com,ROYA,321,HM,Kembangan Selatan,Kembangan,,,2190/2014;5668/2014;1578/2015;3027/2015;7286/2016,Sedang Dipinjam,Dikonfirmasi & diambil oleh peminjam — Agus Ajat,2026-06-19 03:41:05.221503+00,2026-06-19 10:16:02.177+00,kuasa,2026-06-19 03:41:05.221503+00,2026-06-19 10:16:02.15598+00,register,Agus Ajat,2026-06-19 10:16:02.177+00,,,BT & HT,
8d494ba1-9bf1-494e-b2da-39da35702100,REG-2026-49101,KUASA — LOKET OJAN,kuasa@gmail.com,ROYA,322,HM,Kembangan Selatan,Kembangan,,,1617/2015;7176/2016;3442/2015;2189/2014;5669/2014,Sedang Dipinjam,Dikonfirmasi & diambil oleh peminjam — Agus Ajat,2026-06-19 03:41:05.221503+00,2026-06-19 10:16:02.876+00,kuasa,2026-06-19 03:41:05.221503+00,2026-06-19 10:16:02.85331+00,register,Agus Ajat,2026-06-19 10:16:02.876+00,,,BT & HT,
f1289ac2-c160-4905-9228-771d0ba53408,REG-2026-491010,KUASA — LOKET OJAN,kuasa@gmail.com,ROYA,3867,HGB,Duri Kepa,Kebon Jeruk,,,10096/2015,Sedang Dipinjam,Dikonfirmasi & diambil oleh peminjam — Agus Ajat,2026-06-19 03:41:05.221503+00,2026-06-19 10:16:02.623+00,kuasa,2026-06-19 03:41:05.221503+00,2026-06-19 10:16:02.602087+00,register,Agus Ajat,2026-06-19 10:16:02.623+00,,,BT & HT,
82b3d000-fdb1-4fa9-9a7e-87aeee65ac23,REG-2026-491011,KUASA — LOKET OJAN,kuasa@gmail.com,ROYA,4218,HGB,Duri Kepa,Kebon Jeruk,,,10096/2015,Sedang Dipinjam,Dikonfirmasi & diambil oleh peminjam — Agus Ajat,2026-06-19 03:41:05.221503+00,2026-06-19 10:16:02.57+00,kuasa,2026-06-19 03:41:05.221503+00,2026-06-19 10:16:02.549725+00,register,Agus Ajat,2026-06-19 10:16:02.57+00,,,BT & HT,
62ad7c00-50dc-410c-8d63-bd8f09bd7b38,REG-2026-491012,KUASA — LOKET OJAN,kuasa@gmail.com,ROYA,0,HM,Kembangan Selatan,Kembangan,,,3676/2017,Sedang Dipinjam,Dikonfirmasi & diambil oleh peminjam — Agus Ajat,2026-06-19 03:41:05.221503+00,2026-06-19 10:27:30.32+00,kuasa,2026-06-19 03:41:05.221503+00,2026-06-19 10:27:30.321752+00,register,Agus Ajat,2026-06-19 10:27:30.32+00,,,BT & HT,
b5794df3-f408-4f1c-bbbf-f9d25832b816,REG-2026-491013,KUASA — LOKET OJAN,kuasa@gmail.com,ROYA,8992,HM,Rawa Buaya,Cengkareng,,,6351/2019,Sedang Dipinjam,Dikonfirmasi & diambil oleh peminjam — Agus Ajat,2026-06-19 03:41:05.221503+00,2026-06-19 10:16:02.805+00,kuasa,2026-06-19 03:41:05.221503+00,2026-06-19 10:16:02.790852+00,register,Agus Ajat,2026-06-19 10:16:02.805+00,,,BT & HT,
8fe4bfa2-6016-49d4-8f48-dae8661c3ef2,REG-2026-491014,KUASA — LOKET OJAN,kuasa@gmail.com,ROYA,1192,HM,Jelambar,Grogol Petamburan,,,1813/2017,Sedang Dipinjam,Dikonfirmasi & diambil oleh peminjam — Agus Ajat,2026-06-19 03:41:05.221503+00,2026-06-19 10:16:02.521+00,kuasa,2026-06-19 03:41:05.221503+00,2026-06-19 10:16:02.500913+00,register,Agus Ajat,2026-06-19 10:16:02.521+00,,,BT & HT,
0965294a-4c57-4dff-a400-023a3831785b,REG-2026-491015,KUASA — LOKET OJAN,kuasa@gmail.com,ROYA,6152,HGB,Meruya Utara,Kembangan,,,2257/2015;4823/2014;558/2014;11185/2012;7911/2012,Sedang Dipinjam,Dikonfirmasi & diambil oleh peminjam — Agus Ajat,2026-06-19 03:41:05.221503+00,2026-06-19 10:16:02.323+00,kuasa,2026-06-19 03:41:05.221503+00,2026-06-19 10:16:02.303793+00,register,Agus Ajat,2026-06-19 10:16:02.323+00,,,BT & HT,
0277f33a-662f-468b-9210-99b52cff3c9a,REG-2026-491016,KUASA — LOKET OJAN,kuasa@gmail.com,ROYA,6448,HM,Kembangan Utara,Kembangan,,,1920/2010;4049/2016,Sedang Dipinjam,Dikonfirmasi & diambil oleh peminjam — Agus Ajat,2026-06-19 03:41:05.221503+00,2026-06-19 10:16:02.737+00,kuasa,2026-06-19 03:41:05.221503+00,2026-06-19 10:16:02.715067+00,register,Agus Ajat,2026-06-19 10:16:02.737+00,,,BT & HT,
ab979970-3ae4-4081-b646-53e6834587f3,REG-2026-49102,KUASA — LOKET OJAN,kuasa@gmail.com,ROYA,2483,HM,Kembangan Utara,Kembangan,,,6369/2014,Sedang Dipinjam,Dikonfirmasi & diambil oleh peminjam — Agus Ajat,2026-06-19 03:41:05.221503+00,2026-06-19 10:16:02.274+00,kuasa,2026-06-19 03:41:05.221503+00,2026-06-19 10:16:02.253927+00,register,Agus Ajat,2026-06-19 10:16:02.274+00,,,BT & HT,
a7da485c-a3ef-4f07-b017-27e656db32a5,REG-2026-49103,KUASA — LOKET OJAN,kuasa@gmail.com,ROYA,7517,HGB,Joglo,Kembangan,,,3533/2019,Sedang Dipinjam,Dikonfirmasi & diambil oleh peminjam — Agus Ajat,2026-06-19 03:41:05.221503+00,2026-06-19 10:16:02.227+00,kuasa,2026-06-19 03:41:05.221503+00,2026-06-19 10:16:02.206837+00,register,Agus Ajat,2026-06-19 10:16:02.227+00,,,BT & HT,
d78a1feb-2156-48f6-92fc-0b4a863469fa,REG-2026-49104,KUASA — LOKET OJAN,kuasa@gmail.com,ROYA,386,HMSRS,Kelapa Dua,Kebon Jeruk,,,2194/2007,Sedang Dipinjam,Dikonfirmasi & diambil oleh peminjam — Agus Ajat,2026-06-19 03:41:05.221503+00,2026-06-19 10:16:02.104+00,kuasa,2026-06-19 03:41:05.221503+00,2026-06-19 10:16:02.097264+00,register,Agus Ajat,2026-06-19 10:16:02.104+00,,,BT & HT,
aa8f2ab4-5df8-4c15-8de9-3622706c087d,REG-2026-49105,KUASA — LOKET OJAN,kuasa@gmail.com,ROYA,710,HM,Jatipulo,Palmerah,,,3023/2019,Sedang Dipinjam,Dikonfirmasi & diambil oleh peminjam — Agus Ajat,2026-06-19 03:41:05.221503+00,2026-06-19 10:16:02.43+00,kuasa,2026-06-19 03:41:05.221503+00,2026-06-19 10:16:02.410687+00,register,Agus Ajat,2026-06-19 10:16:02.43+00,,,BT & HT,
0932d19c-d293-4a80-a500-752a597ab705,REG-2026-49106,KUASA — LOKET OJAN,kuasa@gmail.com,ROYA,7157,HM,Joglo,Kembangan,,,4281/2019;1860/2015,Sedang Dipinjam,Dikonfirmasi & diambil oleh peminjam — Agus Ajat,2026-06-19 03:41:05.221503+00,2026-06-19 10:16:02.923+00,kuasa,2026-06-19 03:41:05.221503+00,2026-06-19 10:16:02.903226+00,register,Agus Ajat,2026-06-19 10:16:02.923+00,,,BT & HT,
a5f96a56-e171-46f1-ac8f-74777a1b4f38,REG-2026-49107,KUASA — LOKET OJAN,kuasa@gmail.com,ROYA,255,HM,Krendang,Tambora,,,8288/2019,Sedang Dipinjam,Dikonfirmasi & diambil oleh peminjam — Agus Ajat,2026-06-19 03:41:05.221503+00,2026-06-19 10:16:02.475+00,kuasa,2026-06-19 03:41:05.221503+00,2026-06-19 10:16:02.456407+00,register,Agus Ajat,2026-06-19 10:16:02.475+00,,,BT & HT,
a4abb35f-45d6-4994-b316-bf8d669711cb,REG-2026-49108,KUASA — LOKET OJAN,kuasa@gmail.com,ROYA,256,HM,Krendang,Tambora,,,8288/2019,Sedang Dipinjam,Dikonfirmasi & diambil oleh peminjam — Agus Ajat,2026-06-19 03:41:05.221503+00,2026-06-19 10:16:02.369+00,kuasa,2026-06-19 03:41:05.221503+00,2026-06-19 10:16:02.353636+00,register,Agus Ajat,2026-06-19 10:16:02.369+00,,,BT & HT,
d1a99ed2-bc6a-4f42-a4c0-ea4f432665af,REG-2026-49109,KUASA — LOKET OJAN,kuasa@gmail.com,ROYA,3858,HGB,Duri Kepa,Kebon Jeruk,,,10350/2015,Sedang Dipinjam,Dikonfirmasi & diambil oleh peminjam — Agus Ajat,2026-06-19 03:41:05.221503+00,2026-06-19 10:16:02.675+00,kuasa,2026-06-19 03:41:05.221503+00,2026-06-19 10:16:02.66159+00,register,Agus Ajat,2026-06-19 10:16:02.675+00,,,BT & HT,
6ddfdba6-e6dd-4582-b73a-8d9b555fbbcc,REG-2026-26970,KUASA — LOKET OJAN,kuasa@gmail.com,ROYA,3323,HGB,Tanjung Duren Utara,Grogol Petamburan,,,357/2011,Sedang Dipinjam,Dikonfirmasi & diambil oleh peminjam — Agus Ajat,2026-06-19 03:45:53.034537+00,2026-06-19 03:55:32.058+00,kuasa,2026-06-19 03:45:53.034537+00,2026-06-19 03:55:32.041778+00,register,Agus Ajat,2026-06-19 03:55:32.058+00,,,BT & HT,
8c1d0138-15b9-4e3a-be79-f84967c4a419,REG-2026-58060,KUASA — LOKET OJAN,kuasa@gmail.com,SERTIFIKAT HILANG,877,HGB,Mangga Besar,Taman Sari,,,,Sedang Dipinjam,Dikonfirmasi & diambil oleh peminjam — Agus Ajat,2026-06-19 03:47:06.098194+00,2026-06-19 03:55:31.947+00,kuasa,2026-06-19 03:47:06.098194+00,2026-06-19 03:55:31.934766+00,register,Agus Ajat,2026-06-19 03:55:31.947+00,,,BT,
50a891a6-6e7a-4869-9b9c-04312a7dc1ae,REG-2026-87160,PRIORITAS — DISTA,prioritas@gmail.com,PENGHAPUSAN BPHTB,7016,HGB,Meruya Utara,Kembangan,,,,Sedang Dipinjam,Dikonfirmasi & diambil oleh peminjam — Agus Ajat,2026-06-19 03:47:46.387731+00,2026-06-19 04:19:41.842+00,prioritas,2026-06-19 03:47:46.387731+00,2026-06-19 04:19:41.834749+00,register,Agus Ajat,2026-06-19 04:19:41.842+00,,,BT,
62ed36d6-27d0-4453-b192-1079ed964281,REG-2026-13500,PHP — Angga,php@gmail.com,PENGHAPUSAN BPHTB,5361,HM,Kedoya Selatan,Kebon Jeruk,,,,Sedang Dipinjam,Dikonfirmasi & diambil oleh peminjam — Agus Ajat,2026-06-19 04:09:33.013188+00,2026-06-19 10:16:02.057+00,php,2026-06-19 04:09:33.013188+00,2026-06-19 10:16:02.035503+00,register,Agus Ajat,2026-06-19 10:16:02.057+00,,,BT,
63d6a634-fdfc-4754-99bc-49e2cb19f985,REG-2026-93620,KUASA — ARIF,kuasa@gmail.com,PERALIHAN HAK JUAL BELI,7335,HM,Rawa Buaya,Cengkareng,,,,Sedang Dipinjam,Dikonfirmasi & diambil oleh peminjam — Agus Ajat,2026-06-19 04:43:39.391506+00,2026-06-19 10:16:02.004+00,kuasa,2026-06-19 04:43:39.391506+00,2026-06-19 10:16:01.983996+00,register,Agus Ajat,2026-06-19 10:16:02.004+00,,,BT,
06412b76-5755-4165-830e-294e7d1e8111,REG-2026-93621,KUASA — ARIF,kuasa@gmail.com,PERALIHAN HAK JUAL BELI,2838,HM,Palmerah,Palmerah,,,,Sedang Dipinjam,Dikonfirmasi & diambil oleh peminjam — Agus Ajat,2026-06-19 04:43:39.391506+00,2026-06-19 10:16:01.351+00,kuasa,2026-06-19 04:43:39.391506+00,2026-06-19 10:16:01.332733+00,register,Agus Ajat,2026-06-19 10:16:01.351+00,,,BT,
3b331961-d32d-456f-bc6f-242583197ac1,REG-2026-936210,KUASA — ARIF,kuasa@gmail.com,PERALIHAN HAK JUAL BELI,13046,HGB,Cengkareng Timur,Cengkareng,,,,Sedang Dipinjam,Dikonfirmasi & diambil oleh peminjam — Agus Ajat,2026-06-19 04:43:39.391506+00,2026-06-19 10:16:01.755+00,kuasa,2026-06-19 04:43:39.391506+00,2026-06-19 10:16:01.739327+00,register,Agus Ajat,2026-06-19 10:16:01.755+00,,,BT,
c8f89507-fcb0-4928-8e0d-05fd64ca8a8e,REG-2026-936211,KUASA — ARIF,kuasa@gmail.com,PERALIHAN HAK JUAL BELI,4981,HMSRS,Tanjung Duren Selatan,Grogol Petamburan,,,,Sedang Dipinjam,Dikonfirmasi & diambil oleh peminjam — Agus Ajat,2026-06-19 04:43:39.391506+00,2026-06-19 10:16:01.804+00,kuasa,2026-06-19 04:43:39.391506+00,2026-06-19 10:16:01.785585+00,register,Agus Ajat,2026-06-19 10:16:01.804+00,,,BT,
ec37cdd9-6456-418e-92eb-2956d54648ac,REG-2026-936212,KUASA — ARIF,kuasa@gmail.com,PERALIHAN HAK JUAL BELI,15558,HM,Duri Kosambi,Cengkareng,,,,Sedang Dipinjam,Dikonfirmasi & diambil oleh peminjam — Agus Ajat,2026-06-19 04:43:39.391506+00,2026-06-19 10:16:01.567+00,kuasa,2026-06-19 04:43:39.391506+00,2026-06-19 10:16:01.546666+00,register,Agus Ajat,2026-06-19 10:16:01.567+00,,,BT,
a067c2b8-f953-4013-9611-9c4e3cdeab06,REG-2026-936213,KUASA — ARIF,kuasa@gmail.com,PERALIHAN HAK JUAL BELI,8107,HGB,Cengkareng Barat,Cengkareng,,,,Sedang Dipinjam,Dikonfirmasi & diambil oleh peminjam — Agus Ajat,2026-06-19 04:43:39.391506+00,2026-06-19 10:16:01.619+00,kuasa,2026-06-19 04:43:39.391506+00,2026-06-19 10:16:01.599528+00,register,Agus Ajat,2026-06-19 10:16:01.619+00,,,BT,
6bcff1be-786e-4344-b170-2dc3c9c01941,REG-2026-936214,KUASA — ARIF,kuasa@gmail.com,PERALIHAN HAK JUAL BELI,14524,HMSRS,Tanjung Duren Selatan,Grogol Petamburan,,,,Sedang Dipinjam,Dikonfirmasi & diambil oleh peminjam — Agus Ajat,2026-06-19 04:43:39.391506+00,2026-06-19 10:16:01.864+00,kuasa,2026-06-19 04:43:39.391506+00,2026-06-19 10:16:01.844839+00,register,Agus Ajat,2026-06-19 10:16:01.864+00,,,BT,
79dde090-4c30-4df0-8879-7d325b492248,REG-2026-936215,KUASA — ARIF,kuasa@gmail.com,PERALIHAN HAK JUAL BELI,10375,HGB,Kalideres,Kalideres,,,,Sedang Dipinjam,Dikonfirmasi & diambil oleh peminjam — Agus Ajat,2026-06-19 04:43:39.391506+00,2026-06-19 10:16:01.234+00,kuasa,2026-06-19 04:43:39.391506+00,2026-06-19 10:16:01.238778+00,register,Agus Ajat,2026-06-19 10:16:01.234+00,,,BT,
4befefab-679d-4773-b97f-e6d960f8750f,REG-2026-93622,KUASA — ARIF,kuasa@gmail.com,PERALIHAN HAK JUAL BELI,17790,HGB,Pegadungan,Kalideres,,,,Sedang Dipinjam,Dikonfirmasi & diambil oleh peminjam — Agus Ajat,2026-06-19 04:43:39.391506+00,2026-06-19 10:16:01.303+00,kuasa,2026-06-19 04:43:39.391506+00,2026-06-19 10:16:01.28264+00,register,Agus Ajat,2026-06-19 10:16:01.303+00,,,BT,
85122077-eee4-4ca4-a23c-930909dc99fe,REG-2026-93623,KUASA — ARIF,kuasa@gmail.com,PERALIHAN HAK JUAL BELI,347,HM,Krukut,Taman Sari,,,,Sedang Dipinjam,Dikonfirmasi & diambil oleh peminjam — Agus Ajat,2026-06-19 04:43:39.391506+00,2026-06-19 10:16:01.401+00,kuasa,2026-06-19 04:43:39.391506+00,2026-06-19 10:16:01.380058+00,register,Agus Ajat,2026-06-19 10:16:01.401+00,,,BT,
ee6ee548-8a8a-423a-95c5-9ca38a130eac,REG-2026-93624,KUASA — ARIF,kuasa@gmail.com,PERALIHAN HAK JUAL BELI,10620,HMSRS,Tanjung Duren Selatan,Grogol Petamburan,,,,Sedang Dipinjam,Dikonfirmasi & diambil oleh peminjam — Agus Ajat,2026-06-19 04:43:39.391506+00,2026-06-19 10:16:01.952+00,kuasa,2026-06-19 04:43:39.391506+00,2026-06-19 10:16:01.935329+00,register,Agus Ajat,2026-06-19 10:16:01.952+00,,,BT,
605a07fa-3f0e-479c-9d44-bf1c39c1fa72,REG-2026-93625,KUASA — ARIF,kuasa@gmail.com,PERALIHAN HAK JUAL BELI,10480,HMSRS,Tanjung Duren Selatan,Grogol Petamburan,,,,Sedang Dipinjam,Dikonfirmasi & diambil oleh peminjam — Agus Ajat,2026-06-19 04:43:39.391506+00,2026-06-19 10:16:01.909+00,kuasa,2026-06-19 04:43:39.391506+00,2026-06-19 10:16:01.888013+00,register,Agus Ajat,2026-06-19 10:16:01.909+00,,,BT,
dba8c921-88ad-4155-ba22-44108b347823,REG-2026-93626,KUASA — ARIF,kuasa@gmail.com,PERALIHAN HAK JUAL BELI,1806,HMSRS,Kembangan Selatan,Kembangan,,,,Sedang Dipinjam,Dikonfirmasi & diambil oleh peminjam — Agus Ajat,2026-06-19 04:43:39.391506+00,2026-06-19 10:16:01.506+00,kuasa,2026-06-19 04:43:39.391506+00,2026-06-19 10:16:01.485985+00,register,Agus Ajat,2026-06-19 10:16:01.506+00,,,BT,
637bdb8c-aec7-4b5f-ae38-9c86a711d8e1,REG-2026-93627,KUASA — ARIF,kuasa@gmail.com,PERALIHAN HAK JUAL BELI,1156,HM,Angke,Tambora,,,,Sedang Dipinjam,Dikonfirmasi & diambil oleh peminjam — Agus Ajat,2026-06-19 04:43:39.391506+00,2026-06-19 10:16:01.453+00,kuasa,2026-06-19 04:43:39.391506+00,2026-06-19 10:16:01.432856+00,register,Agus Ajat,2026-06-19 10:16:01.453+00,,,BT,
3f95e4fe-4897-472a-9a3f-8bf9b06fd3dc,REG-2026-93628,KUASA — ARIF,kuasa@gmail.com,PERALIHAN HAK JUAL BELI,13012,HGB,Cengkareng Timur,Cengkareng,,,,Sedang Dipinjam,Dikonfirmasi & diambil oleh peminjam — Agus Ajat,2026-06-19 04:43:39.391506+00,2026-06-19 10:16:01.708+00,kuasa,2026-06-19 04:43:39.391506+00,2026-06-19 10:16:01.688793+00,register,Agus Ajat,2026-06-19 10:16:01.708+00,,,BT,
8ab1b3b0-fe72-4144-a224-1884af493b29,REG-2026-93629,KUASA — ARIF,kuasa@gmail.com,PERALIHAN HAK JUAL BELI,12979,HGB,Cengkareng Timur,Cengkareng,,,,Sedang Dipinjam,Dikonfirmasi & diambil oleh peminjam — Agus Ajat,2026-06-19 04:43:39.391506+00,2026-06-19 10:16:01.661+00,kuasa,2026-06-19 04:43:39.391506+00,2026-06-19 10:16:01.641932+00,register,Agus Ajat,2026-06-19 10:16:01.661+00,,,BT,
5f25a744-0b8a-4fff-8e01-55013ff8d8b5,REG-2026-19290,PENETAPAN — SRI KUNTADI 28273/2026,penetapan@gmail.com,PERMOHONAN SK,790,HGB,Mangga Besar,Taman Sari,,,,Sedang Dipinjam,Dikonfirmasi & diambil oleh peminjam — Agus Ajat,2026-06-19 05:56:31.417939+00,2026-06-19 07:24:05.454+00,penetapan,2026-06-19 05:56:31.417939+00,2026-06-19 07:24:05.446069+00,register,Agus Ajat,2026-06-19 07:24:05.454+00,,,BT,
53f7519b-c617-46f7-ae31-cb959de54b5b,REG-2026-13710,PENETAPAN — SRI KUNTADI 28249/2026,penetapan@gmail.com,PERMOHONAN SK,789,HGB,Mangga Besar,Taman Sari,,,,Sedang Dipinjam,Dikonfirmasi & diambil oleh peminjam — Agus Ajat,2026-06-19 05:57:10.858214+00,2026-06-19 07:24:05.353+00,penetapan,2026-06-19 05:57:10.858214+00,2026-06-19 07:24:05.341778+00,register,Agus Ajat,2026-06-19 07:24:05.353+00,,,BT,
88befb6a-4a1b-42eb-9c27-74a642671e10,REG-2026-60130,PENETAPAN — SRI KUNTADI 22578/2026,penetapan@gmail.com,PERMOHONAN SK,10325,HGB,Cengkareng Barat,Cengkareng,,,,Proses Pencarian,,2026-06-19 05:59:25.511747+00,2026-06-19 05:59:25.511747+00,penetapan,2026-06-19 05:59:25.511747+00,2026-06-19 05:59:25.511747+00,register,,,,,BT,
bed43e9c-9757-48d1-98e0-21095c9ae355,REG-2026-94450,PHP — TIA,kuasa@gmail.com,PERUBAHAN HAK,2737,HGB,Jatipulo,Palmerah,,,,Sedang Dipinjam,Dikonfirmasi & diambil oleh peminjam — Agus Ajat,2026-06-19 06:21:19.640969+00,2026-06-19 06:40:08.884+00,kuasa,2026-06-19 06:21:19.640969+00,2026-06-19 06:40:08.905436+00,register,Agus Ajat,2026-06-19 06:40:08.884+00,,,BT,
5999cf64-0a86-4f10-a81e-7e4d2989a949,REG-2026-30560,KUASA — RIA OKTAVIANTI,kuasa@gmail.com,PERUBAHAN HAK,1180,HGB,Mangga Besar,Taman Sari,,,,Sedang Dipinjam,Dikonfirmasi & diambil oleh peminjam — Agus Ajat,2026-06-19 06:28:55.750787+00,2026-06-19 06:40:08.8+00,kuasa,2026-06-19 06:28:55.750787+00,2026-06-19 06:40:08.82352+00,register,Agus Ajat,2026-06-19 06:40:08.8+00,,,BT,
9b4e6ce9-f90a-4ce1-94a3-f5e00968f18d,REG-2026-40860,PHP — saraya,php@gmail.com,SKPT,6019,HM,Duri Kepa,Kebon Jeruk,,,,Sedang Dipinjam,Dikonfirmasi & diambil oleh peminjam — Agus Ajat,2026-06-19 07:00:15.800371+00,2026-06-19 10:16:01.14+00,php,2026-06-19 07:00:15.800371+00,2026-06-19 10:16:01.121818+00,register,Agus Ajat,2026-06-19 10:16:01.14+00,,,BT & HT,
5f9e29ef-84c5-4116-8071-f6e4e597b32a,REG-2026-40861,PHP — saraya,php@gmail.com,SKPT,3289,HM,Kedoya Utara,Kebon Jeruk,,,,Sedang Dipinjam,Dikonfirmasi & diambil oleh peminjam — Agus Ajat,2026-06-19 07:00:15.800371+00,2026-06-19 10:16:01.187+00,php,2026-06-19 07:00:15.800371+00,2026-06-19 10:16:01.16777+00,register,Agus Ajat,2026-06-19 10:16:01.187+00,,,BT & HT,
d501fb86-4b20-4fea-9125-8371bc8d9ae5,REG-2026-40862,PHP — saraya,php@gmail.com,SKPT,4445,HGB,Kalideres,Kalideres,,,,Sedang Dipinjam,Dikonfirmasi & diambil oleh peminjam — Agus Ajat,2026-06-19 07:00:15.800371+00,2026-06-19 10:16:01.093+00,php,2026-06-19 07:00:15.800371+00,2026-06-19 10:16:01.073036+00,register,Agus Ajat,2026-06-19 10:16:01.093+00,,,BT & HT,
8c239407-e9e1-49b4-87f1-8e452715bd6c,REG-2026-40863,PHP — saraya,php@gmail.com,SKPT,4444,HGB,Kalideres,Kalideres,,,,Sedang Dipinjam,Dikonfirmasi & diambil oleh peminjam — Agus Ajat,2026-06-19 07:00:15.800371+00,2026-06-19 10:16:00.998+00,php,2026-06-19 07:00:15.800371+00,2026-06-19 10:16:00.97677+00,register,Agus Ajat,2026-06-19 10:16:00.998+00,,,BT & HT,
afc6eef9-3cda-4016-9c24-2585d48f5f0e,REG-2026-40864,PHP — saraya,php@gmail.com,SKPT,2081,HGB,Palmerah,Palmerah,,,7009/2019,Sedang Dipinjam,Dikonfirmasi & diambil oleh peminjam — Agus Ajat,2026-06-19 07:00:15.800371+00,2026-06-19 10:16:01.047+00,php,2026-06-19 07:00:15.800371+00,2026-06-19 10:16:01.02895+00,register,Agus Ajat,2026-06-19 10:16:01.047+00,,,BT & HT,
290b12d2-8b82-4721-84b7-ec5b3c290e63,REG-2026-05950,PHP — ulfa,php@gmail.com,PENDAFTARAN SK,2163,HGB,Kebon Jeruk,Kebon Jeruk,,,,Sedang Dipinjam,Dikonfirmasi & diambil oleh peminjam — Agus Ajat,2026-06-19 07:03:52.373774+00,2026-06-19 10:16:00.941+00,php,2026-06-19 07:03:52.373774+00,2026-06-19 10:16:00.919518+00,register,Agus Ajat,2026-06-19 10:16:00.941+00,,,BT,
8afb4449-5be2-4552-85a6-d6c2a90d0e65,REG-2026-05951,PHP — ulfa,php@gmail.com,PENDAFTARAN SK,2162,HGB,Kebon Jeruk,Kebon Jeruk,,,,Sedang Dipinjam,Dikonfirmasi & diambil oleh peminjam — Agus Ajat,2026-06-19 07:03:52.373774+00,2026-06-19 10:16:00.852+00,php,2026-06-19 07:03:52.373774+00,2026-06-19 10:16:00.833594+00,register,Agus Ajat,2026-06-19 10:16:00.852+00,,,BT,
d2aa1f80-11aa-41af-8a7b-1fb9c1f9486b,REG-2026-05952,PHP — ulfa,php@gmail.com,PENDAFTARAN SK,1877,HGB,Kebon Jeruk,Kebon Jeruk,,,,Sedang Dipinjam,Dikonfirmasi & diambil oleh peminjam — Agus Ajat,2026-06-19 07:03:52.373774+00,2026-06-19 10:16:00.897+00,php,2026-06-19 07:03:52.373774+00,2026-06-19 10:16:00.876176+00,register,Agus Ajat,2026-06-19 10:16:00.897+00,,,BT,
728046a8-de9c-4e39-8a79-362040f055ed,REG-2026-52020,PHP — ulfa,php@gmail.com,ROYA,225,HM,Meruya Utara,Kembangan,,,1507/2013,Sedang Dipinjam,Dikonfirmasi & diambil oleh peminjam — Agus Ajat,2026-06-19 07:05:56.856099+00,2026-06-19 10:16:00.783+00,php,2026-06-19 07:05:56.856099+00,2026-06-19 10:16:00.772602+00,register,Agus Ajat,2026-06-19 10:16:00.783+00,,,BT & HT,
0a646a4d-e61b-49e4-b58e-4f085d1359a9,REG-2026-67390,PRIORITAS — Dista,prioritas@gmail.com,GANTI NAMA,5763,HM,Joglo,Kembangan,,,,Sedang Dipinjam,Dikonfirmasi & diambil oleh peminjam — Agus Ajat,2026-06-19 07:10:06.774395+00,2026-06-19 07:24:05.248+00,prioritas,2026-06-19 07:10:06.774395+00,2026-06-19 07:24:05.23896+00,register,Agus Ajat,2026-06-19 07:24:05.248+00,,,BT,
d6787571-9391-403a-8351-db0fd59a731a,REG-2026-79740,KUASA — RIA OKTAVIANTI,kuasa@gmail.com,GANTI NAMA,6838,HGB,Tegal Alur,Kalideres,,,,Sedang Dipinjam,Dikonfirmasi & diambil oleh peminjam — Agus Ajat,2026-06-19 07:10:30.66613+00,2026-06-19 10:16:00.611+00,kuasa,2026-06-19 07:10:30.66613+00,2026-06-19 10:16:00.59282+00,register,Agus Ajat,2026-06-19 10:16:00.611+00,,,BT,
f7d26308-665c-4a1b-ba94-5e225c864fea,REG-2026-79741,KUASA — RIA OKTAVIANTI,kuasa@gmail.com,GANTI NAMA,6915,HGB,Tegal Alur,Kalideres,,,,Sedang Dipinjam,Dikonfirmasi & diambil oleh peminjam — Agus Ajat,2026-06-19 07:10:30.66613+00,2026-06-19 10:16:00.735+00,kuasa,2026-06-19 07:10:30.66613+00,2026-06-19 10:16:00.714919+00,register,Agus Ajat,2026-06-19 10:16:00.735+00,,,BT,
53efc1d3-f146-492a-8243-6036d305e3cf,REG-2026-79742,KUASA — RIA OKTAVIANTI,kuasa@gmail.com,GANTI NAMA,6839,HGB,Tegal Alur,Kalideres,,,,Sedang Dipinjam,Dikonfirmasi & diambil oleh peminjam — Agus Ajat,2026-06-19 07:10:30.66613+00,2026-06-19 10:16:00.669+00,kuasa,2026-06-19 07:10:30.66613+00,2026-06-19 10:16:00.661187+00,register,Agus Ajat,2026-06-19 10:16:00.669+00,,,BT,
059292c6-a022-479c-9320-762fe39a9518,REG-2026-11070,PENETAPAN — ERIKA 26747/2026,penetapan@gmail.com,PERMOHONAN SK,4753,HGB,Duri Kosambi,Cengkareng,,,,Sedang Dipinjam,Dikonfirmasi & diambil oleh peminjam — Agus Ajat,2026-06-19 07:16:50.676471+00,2026-06-19 10:16:00.531+00,penetapan,2026-06-19 07:16:50.676471+00,2026-06-19 10:16:00.521777+00,register,Agus Ajat,2026-06-19 10:16:00.531+00,,,BT,
0a178342-83a8-44c8-bc3f-a0cf2181cf23,REG-2026-42460,PHP — Hendra,php@gmail.com,PENGHAPUSAN BPHTB,13217,HM,Kalideres,Kalideres,,,,Sedang Dipinjam,Dikonfirmasi & diambil oleh peminjam — Agus Ajat,2026-06-19 07:17:25.900283+00,2026-06-19 10:16:00.477+00,php,2026-06-19 07:17:25.900283+00,2026-06-19 10:16:00.457586+00,register,Agus Ajat,2026-06-19 10:16:00.477+00,,,BT,
2844c427-45ee-4e2d-aaf7-495fdb75bb15,REG-2026-27820,PENETAPAN — ERIKA 16066/2026,penetapan@gmail.com,PERMOHONAN SK,9638,HGB,Kalideres,Kalideres,,,,Sedang Dipinjam,Dikonfirmasi & diambil oleh peminjam — Agus Ajat,2026-06-19 07:19:02.345487+00,2026-06-19 10:16:00.421+00,penetapan,2026-06-19 07:19:02.345487+00,2026-06-19 10:16:00.40658+00,register,Agus Ajat,2026-06-19 10:16:00.421+00,,,BT,
e83a6233-9d58-45a4-846e-ad7b7d2f5daf,REG-2026-54240,PENETAPAN — ERIKA 23630/2026,penetapan@gmail.com,PERMOHONAN SK,9127,HGB,Kalideres,Kalideres,,,,Sedang Dipinjam,Dikonfirmasi & diambil oleh peminjam — Agus Ajat,2026-06-19 07:33:15.012825+00,2026-06-19 10:16:00.371+00,penetapan,2026-06-19 07:33:15.012825+00,2026-06-19 10:16:00.351128+00,register,Agus Ajat,2026-06-19 10:16:00.371+00,,,BT,
f03da313-2608-4c1c-80c3-8279b096cc7f,REG-2026-85920,PHP — Sri Lestari,php@gmail.com,PENDAFTARAN SK,24,HGB,Tanah Sereal,Tambora,,,,Proses Pencarian,,2026-06-19 07:35:50.25449+00,2026-06-19 07:35:50.25449+00,php,2026-06-19 07:35:50.25449+00,2026-06-19 07:35:50.25449+00,register,,,,,BT,
d77e2169-4550-4fa5-b233-e9dd2d3b8745,REG-2026-85921,PHP — Sri Lestari,php@gmail.com,PENDAFTARAN SK,2261,HGB,Tanah Sereal,Tambora,,,,Sedang Dipinjam,Dikonfirmasi & diambil oleh peminjam — Agus Ajat,2026-06-19 07:35:50.25449+00,2026-06-19 10:16:00.324+00,php,2026-06-19 07:35:50.25449+00,2026-06-19 10:16:00.303062+00,register,Agus Ajat,2026-06-19 10:16:00.324+00,,,BT,
2a899dbf-b46b-4cc1-9a94-bc9e8090e2d3,REG-2026-58920,PENETAPAN — TRI PAMBUDI 86914/2025,penetapan@gmail.com,PERMOHONAN SK,1480,HGB,Kedoya Selatan,Kebon Jeruk,,,,Proses Pencarian,,2026-06-19 07:36:05.464134+00,2026-06-19 07:36:05.464134+00,penetapan,2026-06-19 07:36:05.464134+00,2026-06-19 07:36:05.464134+00,register,,,,,BT,
6524daf8-9a06-44ef-8bfa-0ac877458b13,REG-2026-81050,KUASA — LOKET OJAN,kuasa@gmail.com,SKPT,12183,HGB,Pegadungan,Kalideres,,,,Sedang Dipinjam,Dikonfirmasi & diambil oleh peminjam — Agus Ajat,2026-06-19 07:44:39.101977+00,2026-06-19 10:16:00.232+00,kuasa,2026-06-19 07:44:39.101977+00,2026-06-19 10:16:00.213009+00,register,Agus Ajat,2026-06-19 10:16:00.232+00,,,BT,
2d86a8a0-8dab-4107-ad18-65fd0230b6c6,REG-2026-81051,KUASA — LOKET OJAN,kuasa@gmail.com,SKPT,2295,HGB,Tanah Sereal,Tambora,,,,Sedang Dipinjam,Dikonfirmasi & diambil oleh peminjam — Agus Ajat,2026-06-19 07:44:39.101977+00,2026-06-19 10:16:00.277+00,kuasa,2026-06-19 07:44:39.101977+00,2026-06-19 10:16:00.257457+00,register,Agus Ajat,2026-06-19 10:16:00.277+00,,,BT,
ee243a01-835c-43e8-9406-b59779087509,REG-2026-60560,PENETAPAN — ERIKA 1650/2026,penetapan@gmail.com,PERMOHONAN SK,2954,HGB,Pegadungan,Kalideres,,,,Sedang Dipinjam,Dikonfirmasi & diambil oleh peminjam — Agus Ajat,2026-06-19 07:50:15.660834+00,2026-06-19 10:16:00.187+00,penetapan,2026-06-19 07:50:15.660834+00,2026-06-19 10:16:00.165881+00,register,Agus Ajat,2026-06-19 10:16:00.187+00,,,BT,
4db7e81f-87f7-4643-b639-1b1886055114,REG-2026-63310,KUASA — LOKET OJAN,kuasa@gmail.com,ROYA,11357,HM,Tegal Alur,Kalideres,,,2583/2014;5193/2012,Sedang Dipinjam,Dikonfirmasi & diambil oleh peminjam — Agus Ajat,2026-06-19 07:50:36.991884+00,2026-06-19 10:16:00.14+00,kuasa,2026-06-19 07:50:36.991884+00,2026-06-19 10:16:00.119884+00,register,Agus Ajat,2026-06-19 10:16:00.14+00,,,BT,
fad729d3-8de0-4cdc-b04a-fa7982ba926f,REG-2026-63311,KUASA — LOKET OJAN,kuasa@gmail.com,ROYA,15654,HM,Pegadungan,Kalideres,,,4979/2015;5420/2017,Sedang Dipinjam,Dikonfirmasi & diambil oleh peminjam — Agus Ajat,2026-06-19 07:50:36.991884+00,2026-06-19 10:16:00.081+00,kuasa,2026-06-19 07:50:36.991884+00,2026-06-19 10:16:00.06111+00,register,Agus Ajat,2026-06-19 10:16:00.081+00,,,BT,
a39421ff-ab77-42fb-adcd-7096cc26a085,REG-2026-37360,PENETAPAN — SRI KUNTADI 32121/2026,penetapan@gmail.com,PERMOHONAN SK,3046,HGB,Pinangsia,Taman Sari,,,,Proses Pencarian,,2026-06-19 07:53:13.326915+00,2026-06-19 07:53:13.326915+00,penetapan,2026-06-19 07:53:13.326915+00,2026-06-19 07:53:13.326915+00,register,,,,,BT,
440f9ad8-2b77-4a2a-bfef-4962830d1dc4,REG-2026-45920,PENETAPAN — SRI KUNTADI 9797/2026,penetapan@gmail.com,PERMOHONAN SK,2203,HGB,Tamansari,Taman Sari,,,,Sedang Dipinjam,Dikonfirmasi & diambil oleh peminjam — Agus Ajat,2026-06-19 07:55:04.208003+00,2026-06-19 10:16:00.035+00,penetapan,2026-06-19 07:55:04.208003+00,2026-06-19 10:16:00.015579+00,register,Agus Ajat,2026-06-19 10:16:00.035+00,,,BT,
de6eac00-7c72-42a4-842f-610c933dcafa,REG-2026-70740,KUASA — RIA OKTAVIANTI,kuasa@gmail.com,GANTI BLANKO / RUSAK,4962,HM,Kamal,Kalideres,,,,Sedang Dipinjam,Dikonfirmasi & diambil oleh peminjam — Agus Ajat,2026-06-19 08:00:39.764115+00,2026-06-19 10:15:59.987+00,kuasa,2026-06-19 08:00:39.764115+00,2026-06-19 10:15:59.968029+00,register,Agus Ajat,2026-06-19 10:15:59.987+00,,,BT,
f7c93269-dd8f-42cc-9238-07a5d12bf38e,REG-2026-84340,KUASA — RIA OKTAVIANTI,kuasa@gmail.com,PERUBAHAN HAK,2427,HGB,Pekojan,Tambora,,,,Sedang Dipinjam,Dikonfirmasi & diambil oleh peminjam — Agus Ajat,2026-06-19 08:03:11.122423+00,2026-06-19 10:15:59.942+00,kuasa,2026-06-19 08:03:11.122423+00,2026-06-19 10:15:59.922132+00,register,Agus Ajat,2026-06-19 10:15:59.942+00,,,BT,
8864815e-6cbb-43fb-9333-11adbbb2dd50,REG-2026-71020,KUASA — RIA OKTAVIANTI,kuasa@gmail.com,PERALIHAN HAK WARIS,206,HM,Glodok,Taman Sari,,,,Sedang Dipinjam,Dikonfirmasi & diambil oleh peminjam — Agus Ajat,2026-06-19 08:06:19.805904+00,2026-06-19 10:15:59.633+00,kuasa,2026-06-19 08:06:19.805904+00,2026-06-19 10:15:59.613019+00,register,Agus Ajat,2026-06-19 10:15:59.633+00,,,BT,
142c43dd-71dd-4182-8044-cf9b00c7b302,REG-2026-71021,KUASA — RIA OKTAVIANTI,kuasa@gmail.com,PERALIHAN HAK WARIS,12974,HM,Meruya Utara,Kembangan,,,,Sedang Dipinjam,Dikonfirmasi & diambil oleh peminjam — Agus Ajat,2026-06-19 08:06:19.805904+00,2026-06-19 10:15:59.543+00,kuasa,2026-06-19 08:06:19.805904+00,2026-06-19 10:15:59.539739+00,register,Agus Ajat,2026-06-19 10:15:59.543+00,,,BT,
f62feeaf-f9ab-44e6-98c8-f7a44b488669,REG-2026-71022,KUASA — RIA OKTAVIANTI,kuasa@gmail.com,PERALIHAN HAK WARIS,7481,HM,Pegadungan,Kalideres,,,,Sedang Dipinjam,Dikonfirmasi & diambil oleh peminjam — Agus Ajat,2026-06-19 08:06:19.805904+00,2026-06-19 10:15:59.785+00,kuasa,2026-06-19 08:06:19.805904+00,2026-06-19 10:15:59.763818+00,register,Agus Ajat,2026-06-19 10:15:59.785+00,,,BT,
0aba71a9-bebd-463d-8443-95e01de56514,REG-2026-71023,KUASA — RIA OKTAVIANTI,kuasa@gmail.com,PERALIHAN HAK WARIS,475,HM,Jelambar,Grogol Petamburan,,,,Sedang Dipinjam,Dikonfirmasi & diambil oleh peminjam — Agus Ajat,2026-06-19 08:06:19.805904+00,2026-06-19 10:15:59.678+00,kuasa,2026-06-19 08:06:19.805904+00,2026-06-19 10:15:59.658522+00,register,Agus Ajat,2026-06-19 10:15:59.678+00,,,BT,
3f03e03b-dfc7-4f24-a16f-7bd2bec52f72,REG-2026-71024,KUASA — RIA OKTAVIANTI,kuasa@gmail.com,PERALIHAN HAK WARIS,3438,HM,Pinangsia,Taman Sari,,,,Sedang Dipinjam,Dikonfirmasi & diambil oleh peminjam — Agus Ajat,2026-06-19 08:06:19.805904+00,2026-06-19 10:15:59.827+00,kuasa,2026-06-19 08:06:19.805904+00,2026-06-19 10:15:59.805804+00,register,Agus Ajat,2026-06-19 10:15:59.827+00,,,BT,
4b7f2fbc-595e-49f7-996d-bfc353698635,REG-2026-71025,KUASA — RIA OKTAVIANTI,kuasa@gmail.com,PERALIHAN HAK WARIS,11697,HM,Kalideres,Kalideres,,,,Sedang Dipinjam,Dikonfirmasi & diambil oleh peminjam — Agus Ajat,2026-06-19 08:06:19.805904+00,2026-06-19 10:15:59.741+00,kuasa,2026-06-19 08:06:19.805904+00,2026-06-19 10:15:59.718597+00,register,Agus Ajat,2026-06-19 10:15:59.741+00,,,BT,
0fa5196e-6c06-44ea-9ffa-1a867adac8f5,REG-2026-71026,KUASA — RIA OKTAVIANTI,kuasa@gmail.com,PERALIHAN HAK WARIS,8070,HM,Kapuk,Cengkareng,,,,Sedang Dipinjam,Dikonfirmasi & diambil oleh peminjam — Agus Ajat,2026-06-19 08:06:19.805904+00,2026-06-19 10:15:59.88+00,kuasa,2026-06-19 08:06:19.805904+00,2026-06-19 10:15:59.860275+00,register,Agus Ajat,2026-06-19 10:15:59.88+00,,,BT,
758e2f0a-6444-4464-8a46-441124aa70c0,REG-2026-04330,PENETAPAN — ERIKA 26747/2026,penetapan@gmail.com,PERMOHONAN SK,2747,HGB,Duri Kosambi,Cengkareng,,,,Sedang Dipinjam,Dikonfirmasi & diambil oleh peminjam — Agus Ajat,2026-06-19 08:36:20.137073+00,2026-06-19 10:27:30.276+00,penetapan,2026-06-19 08:36:20.137073+00,2026-06-19 10:27:30.276833+00,register,Agus Ajat,2026-06-19 10:27:30.276+00,,,,
825a776f-ff47-4b12-b5bc-1ad23209d030,REG-2026-92570,PENETAPAN — ERIKA 26747/2026,penetapan@gmail.com,PERMOHONAN SK,1399,HGB,Duri Kosambi,Cengkareng,,,,Sedang Dipinjam,Dikonfirmasi & diambil oleh peminjam — Agus Ajat,2026-06-19 08:37:58.949161+00,2026-06-19 10:27:30.23+00,penetapan,2026-06-19 08:37:58.949161+00,2026-06-19 10:27:30.229949+00,register,Agus Ajat,2026-06-19 10:27:30.23+00,,,BT,
1666b844-6d42-4d82-97f7-8efa6c699f1f,REG-2026-86090,PENETAPAN — SRI KUNTADI 34704/2026,penetapan@gmail.com,PERMOHONAN SK,6765,HGB,Kalideres,Kalideres,,,,Proses Pencarian,,2026-06-19 08:58:48.318955+00,2026-06-19 08:58:48.318955+00,penetapan,2026-06-19 08:58:48.318955+00,2026-06-19 08:58:48.318955+00,register,,,,,BT,
86b3a017-c2b3-4907-a11f-159a32601d86,REG-2026-67110,PENETAPAN — SRI KUNTADI 34701/2026,penetapan@gmail.com,PERMOHONAN SK,6754,HGB,Kalideres,Kalideres,,,,Sedang Dipinjam,Dikonfirmasi & diambil oleh peminjam — Agus Ajat,2026-06-19 09:00:36.434852+00,2026-06-19 10:27:30.185+00,penetapan,2026-06-19 09:00:36.434852+00,2026-06-19 10:27:30.185394+00,register,Agus Ajat,2026-06-19 10:27:30.185+00,,,BT,
1c83ab8a-7c9b-4e45-8077-64c5d89437ea,REG-2026-32710,PENETAPAN — SRI KUNTADI,penetapan@gmail.com,PERMOHONAN SK,6815,HGB,Kalideres,Kalideres,,,,Sedang Dipinjam,Dikonfirmasi & diambil oleh peminjam — Agus Ajat,2026-06-19 09:01:03.315261+00,2026-06-19 10:27:30.139+00,penetapan,2026-06-19 09:01:03.315261+00,2026-06-19 10:27:30.13814+00,register,Agus Ajat,2026-06-19 10:27:30.139+00,,,BT,
881eed8c-c0b3-4b4e-9227-9c08c4d47af5,REG-2026-78140,PENETAPAN — SRI KUNTADI 21898/2026,penetapan@gmail.com,PERMOHONAN SK,959,HGB,Tamansari,Taman Sari,,,,Sedang Dipinjam,Dikonfirmasi & diambil oleh peminjam — Agus Ajat,2026-06-19 09:13:37.874094+00,2026-06-19 10:27:30.094+00,penetapan,2026-06-19 09:13:37.874094+00,2026-06-19 10:27:30.094509+00,register,Agus Ajat,2026-06-19 10:27:30.094+00,,,BT,
301839fd-db9d-48fb-9ba9-6d89eb25096d,REG-2026-14480,PENETAPAN — SRI KUNTADI 92739/2026,penetapan@gmail.com,PERMOHONAN SK,-,-,Roa Malaka,Tambora,,33/2014,,Proses Pencarian,,2026-06-19 09:17:01.144905+00,2026-06-19 09:17:01.144905+00,penetapan,2026-06-19 09:17:01.144905+00,2026-06-19 09:17:01.144905+00,register,,,,,Warkah,
7322a3fb-cc28-4ca1-a54c-3558658b6e6f,REG-2026-42630,KUASA — RIA,kuasa@gmail.com,GANTI NAMA,1149,HMSRS,Cengkareng Timur,Cengkareng,,,,Proses Pencarian,,2026-06-19 10:00:24.610346+00,2026-06-19 10:00:24.610346+00,kuasa,2026-06-19 10:00:24.610346+00,2026-06-19 10:00:24.610346+00,register,,,,,BT,
8d08d9ee-1c7a-428c-8f42-6bf60511de20,REG-2026-42631,KUASA — RIA,kuasa@gmail.com,GANTI NAMA,624,HMSRS,Cengkareng Timur,Cengkareng,,,,Proses Pencarian,,2026-06-19 10:00:24.610346+00,2026-06-19 10:00:24.610346+00,kuasa,2026-06-19 10:00:24.610346+00,2026-06-19 10:00:24.610346+00,register,,,,,BT,
4015cc10-dbd2-4dc0-b878-594a6318877d,REG-2026-42632,KUASA — RIA,kuasa@gmail.com,GANTI NAMA,804,HMSRS,Cengkareng Timur,Cengkareng,,,,Proses Pencarian,,2026-06-19 10:00:24.610346+00,2026-06-19 10:00:24.610346+00,kuasa,2026-06-19 10:00:24.610346+00,2026-06-19 10:00:24.610346+00,register,,,,,BT,
6051aa42-a900-441e-be19-3d8bc0d6dff1,REG-2026-37650,KUASA — RIA,kuasa@gmail.com,PERUBAHAN HAK,9103,HGB,Duri Kosambi,Cengkareng,,,,Proses Pencarian,,2026-06-19 10:17:24.125167+00,2026-06-19 10:17:24.125167+00,kuasa,2026-06-19 10:17:24.125167+00,2026-06-19 10:17:24.125167+00,register,,,,,BT,
1b7d2434-2173-4aa8-875d-847a4e5c2a69,REG-2026-37651,KUASA — RIA,kuasa@gmail.com,PERUBAHAN HAK,3244,HGB,Tanjung Duren Utara,Grogol Petamburan,,,,Proses Pencarian,,2026-06-19 10:17:24.125167+00,2026-06-19 10:17:24.125167+00,kuasa,2026-06-19 10:17:24.125167+00,2026-06-19 10:17:24.125167+00,register,,,,,BT,
d572258a-d2ae-47ad-99e5-0f8d1abd7c6e,REG-2026-37652,KUASA — RIA,kuasa@gmail.com,PERUBAHAN HAK,4388,HGB,Kebon Jeruk,Kebon Jeruk,,,,Proses Pencarian,,2026-06-19 10:17:24.125167+00,2026-06-19 10:17:24.125167+00,kuasa,2026-06-19 10:17:24.125167+00,2026-06-19 10:17:24.125167+00,register,,,,,BT,
3b353e7d-17c3-4ce8-9f35-f4b97d605634,REG-2026-97070,PENETAPAN — ERIKA 33663/2026,penetapan@gmail.com,PERMOHONAN SK,1010,HGB,Kedaung Kali Angke,Cengkareng,,,,Sedang Dipinjam,Dikonfirmasi & diambil oleh peminjam — Agus Ajat,2026-06-19 10:22:40.416136+00,2026-06-19 10:27:30.035+00,penetapan,2026-06-19 10:22:40.416136+00,2026-06-19 10:27:30.039346+00,register,Agus Ajat,2026-06-19 10:27:30.035+00,,,BT,
a37fe42a-8d1d-473a-9853-4f9f61f3bb85,REG-2026-37500,KUASA — RIA,kuasa@gmail.com,PERPANJANGAN HGB,8316,HMSRS,Tanjung Duren Selatan,Grogol Petamburan,,,,Proses Pencarian,,2026-06-19 10:29:34.14053+00,2026-06-19 10:29:34.14053+00,kuasa,2026-06-19 10:29:34.14053+00,2026-06-19 10:29:34.14053+00,register,,,,,BT,
5a096971-1e49-46af-bd62-9897a6fa1e77,REG-2026-37501,KUASA — RIA,kuasa@gmail.com,PERPANJANGAN HGB,7984,HGB,Tegal Alur,Kalideres,,,,Proses Pencarian,,2026-06-19 10:29:34.14053+00,2026-06-19 10:29:34.14053+00,kuasa,2026-06-19 10:29:34.14053+00,2026-06-19 10:29:34.14053+00,register,,,,,BT,
6d41b6ee-90b8-45b8-ba9d-f7658cd02638,REG-2026-37502,KUASA — RIA,kuasa@gmail.com,PERPANJANGAN HGB,517,HM,Meruya Selatan,Kembangan,,,,Proses Pencarian,,2026-06-19 10:29:34.14053+00,2026-06-19 10:29:34.14053+00,kuasa,2026-06-19 10:29:34.14053+00,2026-06-19 10:29:34.14053+00,register,,,,,BT,
167f9564-b70c-4f1a-9913-c94d95977b93,REG-2026-37503,KUASA — RIA,kuasa@gmail.com,PERPANJANGAN HGB,584,HM,Meruya Selatan,Kembangan,,,,Proses Pencarian,,2026-06-19 10:29:34.14053+00,2026-06-19 10:29:34.14053+00,kuasa,2026-06-19 10:29:34.14053+00,2026-06-19 10:29:34.14053+00,register,,,,,BT,
45a073e3-10da-4c43-aac1-a12efa2c1ace,REG-2026-37504,KUASA — RIA,kuasa@gmail.com,PERPANJANGAN HGB,1171,HM,Kalideres,Kalideres,,,,Proses Pencarian,,2026-06-19 10:29:34.14053+00,2026-06-19 10:29:34.14053+00,kuasa,2026-06-19 10:29:34.14053+00,2026-06-19 10:29:34.14053+00,register,,,,,BT,
75231056-e905-4d0f-bac7-32e721f8ab3d,REG-2026-37505,KUASA — RIA,kuasa@gmail.com,PERPANJANGAN HGB,1767,HM,Tanah Sereal,Tambora,,,,Proses Pencarian,,2026-06-19 10:29:34.14053+00,2026-06-19 10:29:34.14053+00,kuasa,2026-06-19 10:29:34.14053+00,2026-06-19 10:29:34.14053+00,register,,,,,BT,
7c2e9edc-eef8-47bb-9f01-e04786a0cc10,REG-2026-37506,KUASA — RIA,kuasa@gmail.com,PERPANJANGAN HGB,738,HM,Tanah Sereal,Tambora,,,,Proses Pencarian,,2026-06-19 10:29:34.14053+00,2026-06-19 10:29:34.14053+00,kuasa,2026-06-19 10:29:34.14053+00,2026-06-19 10:29:34.14053+00,register,,,,,BT,
6eaacb9f-ee44-45a6-8de5-cd790aef5f5e,REG-2026-37507,KUASA — RIA,kuasa@gmail.com,PERPANJANGAN HGB,1720,HM,Tanah Sereal,Tambora,,,,Proses Pencarian,,2026-06-19 10:29:34.14053+00,2026-06-19 10:29:34.14053+00,kuasa,2026-06-19 10:29:34.14053+00,2026-06-19 10:29:34.14053+00,register,,,,,BT,
72c9b6a0-663d-45a4-9432-a78ace1321f9,REG-2026-64240,KUASA — ARIF,kuasa@gmail.com,PERALIHAN HAK JUAL BELI,2079,HM,Kemanggisan,Palmerah,,,,Proses Pencarian,,2026-06-19 10:34:36.844522+00,2026-06-19 10:34:36.844522+00,kuasa,2026-06-19 10:34:36.844522+00,2026-06-19 10:34:36.844522+00,register,,,,,BT,
954567bb-cc31-42d9-b7f5-20684a726590,REG-2026-64241,KUASA — ARIF,kuasa@gmail.com,PERALIHAN HAK JUAL BELI,5217,HM,Joglo,Kembangan,,,,Proses Pencarian,,2026-06-19 10:34:36.844522+00,2026-06-19 10:34:36.844522+00,kuasa,2026-06-19 10:34:36.844522+00,2026-06-19 10:34:36.844522+00,register,,,,,BT,
5beccb9b-6b8a-4243-9c72-0371bc1c278d,REG-2026-23280,KUASA — ARIF,kuasa@gmail.com,PERALIHAN HAK JUAL BELI,7586,HM,Rawa Buaya,Cengkareng,,,,Proses Pencarian,,2026-06-19 10:55:22.785979+00,2026-06-19 10:55:22.785979+00,kuasa,2026-06-19 10:55:22.785979+00,2026-06-19 10:55:22.785979+00,register,,,,,BT,
aa483e9c-147f-459d-93b1-f20cc0fad6e3,REG-2026-23281,KUASA — ARIF,kuasa@gmail.com,PERALIHAN HAK JUAL BELI,16001,HM,Duri Kosambi,Cengkareng,,,,Proses Pencarian,,2026-06-19 10:55:22.785979+00,2026-06-19 10:55:22.785979+00,kuasa,2026-06-19 10:55:22.785979+00,2026-06-19 10:55:22.785979+00,register,,,,,BT,
578f2f99-4485-4bf8-8aaa-f89bc64ad15d,REG-2026-232810,KUASA — ARIF,kuasa@gmail.com,PERALIHAN HAK JUAL BELI,8945,HGB,Duri Kosambi,Cengkareng,,,,Proses Pencarian,,2026-06-19 10:55:22.785979+00,2026-06-19 10:55:22.785979+00,kuasa,2026-06-19 10:55:22.785979+00,2026-06-19 10:55:22.785979+00,register,,,,,BT,
aea58f80-6f3d-4e0a-9b11-625069f032a0,REG-2026-232811,KUASA — ARIF,kuasa@gmail.com,PERALIHAN HAK JUAL BELI,5122,HM,Kembangan Utara,Kembangan,,,,Proses Pencarian,,2026-06-19 10:55:22.785979+00,2026-06-19 10:55:22.785979+00,kuasa,2026-06-19 10:55:22.785979+00,2026-06-19 10:55:22.785979+00,register,,,,,BT,
e02ecf82-07b0-44b6-84c4-6cb930bd4992,REG-2026-232812,KUASA — ARIF,kuasa@gmail.com,PERALIHAN HAK JUAL BELI,5071,HM,Tanjung Duren Selatan,Grogol Petamburan,,,,Proses Pencarian,,2026-06-19 10:55:22.785979+00,2026-06-19 10:55:22.785979+00,kuasa,2026-06-19 10:55:22.785979+00,2026-06-19 10:55:22.785979+00,register,,,,,BT,
5ac1878e-0514-4bb4-81c7-8a7ef484d807,REG-2026-232813,KUASA — ARIF,kuasa@gmail.com,PERALIHAN HAK JUAL BELI,623,HMSRS,Keagungan,Taman Sari,,,,Proses Pencarian,,2026-06-19 10:55:22.785979+00,2026-06-19 10:55:22.785979+00,kuasa,2026-06-19 10:55:22.785979+00,2026-06-19 10:55:22.785979+00,register,,,,,BT,
fcc9e743-aa87-4680-bfe6-e8157dbaae78,REG-2026-232814,KUASA — ARIF,kuasa@gmail.com,PERALIHAN HAK JUAL BELI,9874,HMSRS,Tanjung Duren Selatan,Grogol Petamburan,,,,Proses Pencarian,,2026-06-19 10:55:22.785979+00,2026-06-19 10:55:22.785979+00,kuasa,2026-06-19 10:55:22.785979+00,2026-06-19 10:55:22.785979+00,register,,,,,BT,
ce6dea58-34c1-4187-a76f-ab76a7ef20dc,REG-2026-232815,KUASA — ARIF,kuasa@gmail.com,PERALIHAN HAK JUAL BELI,2080,HM,Kemanggisan,Palmerah,,,,Proses Pencarian,,2026-06-19 10:55:22.785979+00,2026-06-19 10:55:22.785979+00,kuasa,2026-06-19 10:55:22.785979+00,2026-06-19 10:55:22.785979+00,register,,,,,BT,
59c0c7ab-70a9-4c44-b83b-386774e0f80b,REG-2026-23282,KUASA — ARIF,kuasa@gmail.com,PERALIHAN HAK JUAL BELI,14965,HM,Tegal Alur,Kalideres,,,,Proses Pencarian,,2026-06-19 10:55:22.785979+00,2026-06-19 10:55:22.785979+00,kuasa,2026-06-19 10:55:22.785979+00,2026-06-19 10:55:22.785979+00,register,,,,,BT,
b3b89975-6342-43a5-83e5-0b8501e43a2a,REG-2026-23283,KUASA — ARIF,kuasa@gmail.com,PERALIHAN HAK JUAL BELI,634,HGB,Kamal,Kalideres,,,,Proses Pencarian,,2026-06-19 10:55:22.785979+00,2026-06-19 10:55:22.785979+00,kuasa,2026-06-19 10:55:22.785979+00,2026-06-19 10:55:22.785979+00,register,,,,,BT,
1249b7c1-0ba0-4466-9394-d39beebbca94,REG-2026-23284,KUASA — ARIF,kuasa@gmail.com,PERALIHAN HAK JUAL BELI,7075,HGB,Tegal Alur,Kalideres,,,,Proses Pencarian,,2026-06-19 10:55:22.785979+00,2026-06-19 10:55:22.785979+00,kuasa,2026-06-19 10:55:22.785979+00,2026-06-19 10:55:22.785979+00,register,,,,,BT,
717761b6-cb76-4a7b-8ac6-a37d3837d0a9,REG-2026-23285,KUASA — ARIF,kuasa@gmail.com,PERALIHAN HAK JUAL BELI,2926,HM,Sukabumi Selatan,Kebon Jeruk,,,,Proses Pencarian,,2026-06-19 10:55:22.785979+00,2026-06-19 10:55:22.785979+00,kuasa,2026-06-19 10:55:22.785979+00,2026-06-19 10:55:22.785979+00,register,,,,,BT,
1687fe95-2c8c-4891-8cf8-632adb6feb1a,REG-2026-23286,KUASA — ARIF,kuasa@gmail.com,PERALIHAN HAK JUAL BELI,1666,HM,Kemanggisan,Palmerah,,,,Proses Pencarian,,2026-06-19 10:55:22.785979+00,2026-06-19 10:55:22.785979+00,kuasa,2026-06-19 10:55:22.785979+00,2026-06-19 10:55:22.785979+00,register,,,,,BT,
35fafcb4-49b8-4acd-a1a3-0d7200dc3ea7,REG-2026-23287,KUASA — ARIF,kuasa@gmail.com,PERALIHAN HAK JUAL BELI,6708,HMSRS,Tanjung Duren Selatan,Grogol Petamburan,,,,Proses Pencarian,,2026-06-19 10:55:22.785979+00,2026-06-19 10:55:22.785979+00,kuasa,2026-06-19 10:55:22.785979+00,2026-06-19 10:55:22.785979+00,register,,,,,BT,
dd8e3d8b-73b6-4b18-b5fa-73588fc0d48b,REG-2026-23288,KUASA — ARIF,kuasa@gmail.com,PERALIHAN HAK JUAL BELI,482,HMSRS,Tanjung Duren Selatan,Grogol Petamburan,,,,Proses Pencarian,,2026-06-19 10:55:22.785979+00,2026-06-19 10:55:22.785979+00,kuasa,2026-06-19 10:55:22.785979+00,2026-06-19 10:55:22.785979+00,register,,,,,BT,
c4177bbd-9396-4fd7-9528-2bec959b10c0,REG-2026-23289,KUASA — ARIF,kuasa@gmail.com,PERALIHAN HAK JUAL BELI,12588,HGB,Pegadungan,Kalideres,,,,Proses Pencarian,,2026-06-19 10:55:22.785979+00,2026-06-19 10:55:22.785979+00,kuasa,2026-06-19 10:55:22.785979+00,2026-06-19 10:55:22.785979+00,register,,,,,BT,
